updated_at,id,start_date,end_date,election_type,result_type,special,office,district,name_raw,last_name,first_name,suffix,middle_name,party,parent_jurisdiction,jurisdiction,division,votes,votes_type,total_votes,winner,write_in,year
2016-02-23 19:25:53.675000,tx-2003-05-03-special-general,2003-05-03 00:00:00,2003-05-03 00:00:00,general,certified,True,U. S. Representative,19  Unexpired Term,Total,,,,,,Texas,YOAKUM,ocd-division/country:us/state:tx/county:yoakum,805,,,,,2003
2016-02-23 19:25:53.675000,tx-2003-05-03-special-general,2003-05-03 00:00:00,2003-05-03 00:00:00,general,certified,True,U. S. Representative,19  Unexpired Term,Stace Williams,,,,,REP,Texas,YOAKUM,ocd-division/country:us/state:tx/county:yoakum,30,,,,,2003
2016-02-23 19:25:53.675000,tx-2003-05-03-special-general,2003-05-03 00:00:00,2003-05-03 00:00:00,general,certified,True,U. S. Representative,19  Unexpired Term,Vickie Sutton,,,,,REP,Texas,YOAKUM,ocd-division/country:us/state:tx/county:yoakum,39,,,,,2003
2016-02-23 19:25:53.675000,tx-2003-05-03-special-general,2003-05-03 00:00:00,2003-05-03 00:00:00,general,certified,True,U. S. Representative,19  Unexpired Term,Jerri SimmonsAsmussen,,,,,DEM,Texas,YOAKUM,ocd-division/country:us/state:tx/county:yoakum,17,,,,,2003
2016-02-23 19:25:53.675000,tx-2003-05-03-special-general,2003-05-03 00:00:00,2003-05-03 00:00:00,general,certified,True,U. S. Representative,19  Unexpired Term,Richard (Chip) Peterson,,,,,LIB,Texas,YOAKUM,ocd-division/country:us/state:tx/county:yoakum,3,,,,,2003
2016-02-23 19:25:53.675000,tx-2003-05-03-special-general,2003-05-03 00:00:00,2003-05-03 00:00:00,general,certified,True,U. S. Representative,19  Unexpired Term,Julia Penelope,,,,,GRN,Texas,YOAKUM,ocd-division/country:us/state:tx/county:yoakum,2,,,,,2003
2016-02-23 19:25:53.675000,tx-2003-05-03-special-general,2003-05-03 00:00:00,2003-05-03 00:00:00,general,certified,True,U. S. Representative,19  Unexpired Term,Randy Neugebauer,,,,,REP,Texas,YOAKUM,ocd-division/country:us/state:tx/county:yoakum,373,,,,,2003
2016-02-23 19:25:53.675000,tx-2003-05-03-special-general,2003-05-03 00:00:00,2003-05-03 00:00:00,general,certified,True,U. S. Representative,19  Unexpired Term,Donald May,,,,,REP,Texas,YOAKUM,ocd-division/country:us/state:tx/county:yoakum,14,,,,,2003
2016-02-23 19:25:53.675000,tx-2003-05-03-special-general,2003-05-03 00:00:00,2003-05-03 00:00:00,general,certified,True,U. S. Representative,19  Unexpired Term,David R. Langston,,,,,REP,Texas,YOAKUM,ocd-division/country:us/state:tx/county:yoakum,119,,,,,2003
2016-02-23 19:25:53.675000,tx-2003-05-03-special-general,2003-05-03 00:00:00,2003-05-03 00:00:00,general,certified,True,U. S. Representative,19  Unexpired Term,Carl H. Isett,,,,,REP,Texas,YOAKUM,ocd-division/country:us/state:tx/county:yoakum,69,,,,,2003
2016-02-23 19:25:53.675000,tx-2003-05-03-special-general,2003-05-03 00:00:00,2003-05-03 00:00:00,general,certified,True,U. S. Representative,19  Unexpired Term,"E.L. ""Ed"" Hicks",,,,,IND,Texas,YOAKUM,ocd-division/country:us/state:tx/county:yoakum,14,,,,,2003
2016-02-23 19:25:53.675000,tx-2003-05-03-special-general,2003-05-03 00:00:00,2003-05-03 00:00:00,general,certified,True,U. S. Representative,19  Unexpired Term,Kaye Gaddy,,,,,DEM,Texas,YOAKUM,ocd-division/country:us/state:tx/county:yoakum,14,,,,,2003
2016-02-23 19:25:53.675000,tx-2003-05-03-special-general,2003-05-03 00:00:00,2003-05-03 00:00:00,general,certified,True,U. S. Representative,19  Unexpired Term,Thomas Flournoy,,,,,CON,Texas,YOAKUM,ocd-division/country:us/state:tx/county:yoakum,0,,,,,2003
2016-02-23 19:25:53.675000,tx-2003-05-03-special-general,2003-05-03 00:00:00,2003-05-03 00:00:00,general,certified,True,U. S. Representative,19  Unexpired Term,Mike Conaway,,,,,REP,Texas,YOAKUM,ocd-division/country:us/state:tx/county:yoakum,77,,,,,2003
2016-02-23 19:25:53.675000,tx-2003-05-03-special-general,2003-05-03 00:00:00,2003-05-03 00:00:00,general,certified,True,U. S. Representative,19  Unexpired Term,William M. (Bill) Christian,,,,,REP,Texas,YOAKUM,ocd-division/country:us/state:tx/county:yoakum,13,,,,,2003
2016-02-23 19:25:53.675000,tx-2003-05-03-special-general,2003-05-03 00:00:00,2003-05-03 00:00:00,general,certified,True,U. S. Representative,19  Unexpired Term,Jamie Berryhill,,,,,REP,Texas,YOAKUM,ocd-division/country:us/state:tx/county:yoakum,6,,,,,2003
2016-02-23 19:25:53.675000,tx-2003-05-03-special-general,2003-05-03 00:00:00,2003-05-03 00:00:00,general,certified,True,U. S. Representative,19  Unexpired Term,John D. Bell,,,,,REP,Texas,YOAKUM,ocd-division/country:us/state:tx/county:yoakum,14,,,,,2003
2016-02-23 19:25:53.675000,tx-2003-05-03-special-general,2003-05-03 00:00:00,2003-05-03 00:00:00,general,certified,True,U. S. Representative,19  Unexpired Term,Richard  Bartlett,,,,,REP,Texas,YOAKUM,ocd-division/country:us/state:tx/county:yoakum,1,,,,,2003
2016-02-23 19:25:53.675000,tx-2003-05-03-special-general,2003-05-03 00:00:00,2003-05-03 00:00:00,general,certified,True,U. S. Representative,19  Unexpired Term,Total,,,,,,Texas,WINKLER,ocd-division/country:us/state:tx/county:winkler,712,,,,,2003
2016-02-23 19:25:53.675000,tx-2003-05-03-special-general,2003-05-03 00:00:00,2003-05-03 00:00:00,general,certified,True,U. S. Representative,19  Unexpired Term,Stace Williams,,,,,REP,Texas,WINKLER,ocd-division/country:us/state:tx/county:winkler,12,,,,,2003
2016-02-23 19:25:53.675000,tx-2003-05-03-special-general,2003-05-03 00:00:00,2003-05-03 00:00:00,general,certified,True,U. S. Representative,19  Unexpired Term,Vickie Sutton,,,,,REP,Texas,WINKLER,ocd-division/country:us/state:tx/county:winkler,2,,,,,2003
2016-02-23 19:25:53.675000,tx-2003-05-03-special-general,2003-05-03 00:00:00,2003-05-03 00:00:00,general,certified,True,U. S. Representative,19  Unexpired Term,Jerri SimmonsAsmussen,,,,,DEM,Texas,WINKLER,ocd-division/country:us/state:tx/county:winkler,5,,,,,2003
2016-02-23 19:25:53.675000,tx-2003-05-03-special-general,2003-05-03 00:00:00,2003-05-03 00:00:00,general,certified,True,U. S. Representative,19  Unexpired Term,Richard (Chip) Peterson,,,,,LIB,Texas,WINKLER,ocd-division/country:us/state:tx/county:winkler,0,,,,,2003
2016-02-23 19:25:53.675000,tx-2003-05-03-special-general,2003-05-03 00:00:00,2003-05-03 00:00:00,general,certified,True,U. S. Representative,19  Unexpired Term,Julia Penelope,,,,,GRN,Texas,WINKLER,ocd-division/country:us/state:tx/county:winkler,1,,,,,2003
2016-02-23 19:25:53.675000,tx-2003-05-03-special-general,2003-05-03 00:00:00,2003-05-03 00:00:00,general,certified,True,U. S. Representative,19  Unexpired Term,Randy Neugebauer,,,,,REP,Texas,WINKLER,ocd-division/country:us/state:tx/county:winkler,29,,,,,2003
2016-02-23 19:25:53.675000,tx-2003-05-03-special-general,2003-05-03 00:00:00,2003-05-03 00:00:00,general,certified,True,U. S. Representative,19  Unexpired Term,Donald May,,,,,REP,Texas,WINKLER,ocd-division/country:us/state:tx/county:winkler,13,,,,,2003
2016-02-23 19:25:53.675000,tx-2003-05-03-special-general,2003-05-03 00:00:00,2003-05-03 00:00:00,general,certified,True,U. S. Representative,19  Unexpired Term,David R. Langston,,,,,REP,Texas,WINKLER,ocd-division/country:us/state:tx/county:winkler,6,,,,,2003
2016-02-23 19:25:53.675000,tx-2003-05-03-special-general,2003-05-03 00:00:00,2003-05-03 00:00:00,general,certified,True,U. S. Representative,19  Unexpired Term,Carl H. Isett,,,,,REP,Texas,WINKLER,ocd-division/country:us/state:tx/county:winkler,57,,,,,2003
2016-02-23 19:25:53.675000,tx-2003-05-03-special-general,2003-05-03 00:00:00,2003-05-03 00:00:00,general,certified,True,U. S. Representative,19  Unexpired Term,"E.L. ""Ed"" Hicks",,,,,IND,Texas,WINKLER,ocd-division/country:us/state:tx/county:winkler,0,,,,,2003
2016-02-23 19:25:53.675000,tx-2003-05-03-special-general,2003-05-03 00:00:00,2003-05-03 00:00:00,general,certified,True,U. S. Representative,19  Unexpired Term,Kaye Gaddy,,,,,DEM,Texas,WINKLER,ocd-division/country:us/state:tx/county:winkler,13,,,,,2003
2016-02-23 19:25:53.675000,tx-2003-05-03-special-general,2003-05-03 00:00:00,2003-05-03 00:00:00,general,certified,True,U. S. Representative,19  Unexpired Term,Thomas Flournoy,,,,,CON,Texas,WINKLER,ocd-division/country:us/state:tx/county:winkler,0,,,,,2003
2016-02-23 19:25:53.675000,tx-2003-05-03-special-general,2003-05-03 00:00:00,2003-05-03 00:00:00,general,certified,True,U. S. Representative,19  Unexpired Term,Mike Conaway,,,,,REP,Texas,WINKLER,ocd-division/country:us/state:tx/county:winkler,29,,,,,2003
2016-02-23 19:25:53.675000,tx-2003-05-03-special-general,2003-05-03 00:00:00,2003-05-03 00:00:00,general,certified,True,U. S. Representative,19  Unexpired Term,William M. (Bill) Christian,,,,,REP,Texas,WINKLER,ocd-division/country:us/state:tx/county:winkler,10,,,,,2003
2016-02-23 19:25:53.675000,tx-2003-05-03-special-general,2003-05-03 00:00:00,2003-05-03 00:00:00,general,certified,True,U. S. Representative,19  Unexpired Term,Jamie Berryhill,,,,,REP,Texas,WINKLER,ocd-division/country:us/state:tx/county:winkler,12,,,,,2003
2016-02-23 19:25:53.675000,tx-2003-05-03-special-general,2003-05-03 00:00:00,2003-05-03 00:00:00,general,certified,True,U. S. Representative,19  Unexpired Term,John D. Bell,,,,,REP,Texas,WINKLER,ocd-division/country:us/state:tx/county:winkler,509,,,,,2003
2016-02-23 19:25:53.675000,tx-2003-05-03-special-general,2003-05-03 00:00:00,2003-05-03 00:00:00,general,certified,True,U. S. Representative,19  Unexpired Term,Richard  Bartlett,,,,,REP,Texas,WINKLER,ocd-division/country:us/state:tx/county:winkler,14,,,,,2003
2016-02-23 19:25:53.675000,tx-2003-05-03-special-general,2003-05-03 00:00:00,2003-05-03 00:00:00,general,certified,True,U. S. Representative,19  Unexpired Term,Total,,,,,,Texas,WARD,ocd-division/country:us/state:tx/county:ward,663,,,,,2003
2016-02-23 19:25:53.675000,tx-2003-05-03-special-general,2003-05-03 00:00:00,2003-05-03 00:00:00,general,certified,True,U. S. Representative,19  Unexpired Term,Stace Williams,,,,,REP,Texas,WARD,ocd-division/country:us/state:tx/county:ward,16,,,,,2003
2016-02-23 19:25:53.675000,tx-2003-05-03-special-general,2003-05-03 00:00:00,2003-05-03 00:00:00,general,certified,True,U. S. Representative,19  Unexpired Term,Vickie Sutton,,,,,REP,Texas,WARD,ocd-division/country:us/state:tx/county:ward,11,,,,,2003
2016-02-23 19:25:53.675000,tx-2003-05-03-special-general,2003-05-03 00:00:00,2003-05-03 00:00:00,general,certified,True,U. S. Representative,19  Unexpired Term,Jerri SimmonsAsmussen,,,,,DEM,Texas,WARD,ocd-division/country:us/state:tx/county:ward,6,,,,,2003
2016-02-23 19:25:53.675000,tx-2003-05-03-special-general,2003-05-03 00:00:00,2003-05-03 00:00:00,general,certified,True,U. S. Representative,19  Unexpired Term,Richard (Chip) Peterson,,,,,LIB,Texas,WARD,ocd-division/country:us/state:tx/county:ward,0,,,,,2003
2016-02-23 19:25:53.675000,tx-2003-05-03-special-general,2003-05-03 00:00:00,2003-05-03 00:00:00,general,certified,True,U. S. Representative,19  Unexpired Term,Julia Penelope,,,,,GRN,Texas,WARD,ocd-division/country:us/state:tx/county:ward,2,,,,,2003
2016-02-23 19:25:53.675000,tx-2003-05-03-special-general,2003-05-03 00:00:00,2003-05-03 00:00:00,general,certified,True,U. S. Representative,19  Unexpired Term,Randy Neugebauer,,,,,REP,Texas,WARD,ocd-division/country:us/state:tx/county:ward,33,,,,,2003
2016-02-23 19:25:53.675000,tx-2003-05-03-special-general,2003-05-03 00:00:00,2003-05-03 00:00:00,general,certified,True,U. S. Representative,19  Unexpired Term,Donald May,,,,,REP,Texas,WARD,ocd-division/country:us/state:tx/county:ward,3,,,,,2003
2016-02-23 19:25:53.675000,tx-2003-05-03-special-general,2003-05-03 00:00:00,2003-05-03 00:00:00,general,certified,True,U. S. Representative,19  Unexpired Term,David R. Langston,,,,,REP,Texas,WARD,ocd-division/country:us/state:tx/county:ward,16,,,,,2003
2016-02-23 19:25:53.675000,tx-2003-05-03-special-general,2003-05-03 00:00:00,2003-05-03 00:00:00,general,certified,True,U. S. Representative,19  Unexpired Term,Carl H. Isett,,,,,REP,Texas,WARD,ocd-division/country:us/state:tx/county:ward,36,,,,,2003
2016-02-23 19:25:53.675000,tx-2003-05-03-special-general,2003-05-03 00:00:00,2003-05-03 00:00:00,general,certified,True,U. S. Representative,19  Unexpired Term,"E.L. ""Ed"" Hicks",,,,,IND,Texas,WARD,ocd-division/country:us/state:tx/county:ward,1,,,,,2003
2016-02-23 19:25:53.675000,tx-2003-05-03-special-general,2003-05-03 00:00:00,2003-05-03 00:00:00,general,certified,True,U. S. Representative,19  Unexpired Term,Kaye Gaddy,,,,,DEM,Texas,WARD,ocd-division/country:us/state:tx/county:ward,38,,,,,2003
2016-02-23 19:25:53.675000,tx-2003-05-03-special-general,2003-05-03 00:00:00,2003-05-03 00:00:00,general,certified,True,U. S. Representative,19  Unexpired Term,Thomas Flournoy,,,,,CON,Texas,WARD,ocd-division/country:us/state:tx/county:ward,0,,,,,2003
2016-02-23 19:25:53.675000,tx-2003-05-03-special-general,2003-05-03 00:00:00,2003-05-03 00:00:00,general,certified,True,U. S. Representative,19  Unexpired Term,Mike Conaway,,,,,REP,Texas,WARD,ocd-division/country:us/state:tx/county:ward,67,,,,,2003
2016-02-23 19:25:53.675000,tx-2003-05-03-special-general,2003-05-03 00:00:00,2003-05-03 00:00:00,general,certified,True,U. S. Representative,19  Unexpired Term,William M. (Bill) Christian,,,,,REP,Texas,WARD,ocd-division/country:us/state:tx/county:ward,178,,,,,2003
2016-02-23 19:25:53.675000,tx-2003-05-03-special-general,2003-05-03 00:00:00,2003-05-03 00:00:00,general,certified,True,U. S. Representative,19  Unexpired Term,Jamie Berryhill,,,,,REP,Texas,WARD,ocd-division/country:us/state:tx/county:ward,65,,,,,2003
2016-02-23 19:25:53.675000,tx-2003-05-03-special-general,2003-05-03 00:00:00,2003-05-03 00:00:00,general,certified,True,U. S. Representative,19  Unexpired Term,John D. Bell,,,,,REP,Texas,WARD,ocd-division/country:us/state:tx/county:ward,128,,,,,2003
2016-02-23 19:25:53.675000,tx-2003-05-03-special-general,2003-05-03 00:00:00,2003-05-03 00:00:00,general,certified,True,U. S. Representative,19  Unexpired Term,Richard  Bartlett,,,,,REP,Texas,WARD,ocd-division/country:us/state:tx/county:ward,63,,,,,2003
2016-02-23 19:25:53.675000,tx-2003-05-03-special-general,2003-05-03 00:00:00,2003-05-03 00:00:00,general,certified,True,U. S. Representative,19  Unexpired Term,Total,,,,,,Texas,TERRY,ocd-division/country:us/state:tx/county:terry,1124,,,,,2003
2016-02-23 19:25:53.675000,tx-2003-05-03-special-general,2003-05-03 00:00:00,2003-05-03 00:00:00,general,certified,True,U. S. Representative,19  Unexpired Term,Stace Williams,,,,,REP,Texas,TERRY,ocd-division/country:us/state:tx/county:terry,70,,,,,2003
2016-02-23 19:25:53.675000,tx-2003-05-03-special-general,2003-05-03 00:00:00,2003-05-03 00:00:00,general,certified,True,U. S. Representative,19  Unexpired Term,Vickie Sutton,,,,,REP,Texas,TERRY,ocd-division/country:us/state:tx/county:terry,63,,,,,2003
2016-02-23 19:25:53.675000,tx-2003-05-03-special-general,2003-05-03 00:00:00,2003-05-03 00:00:00,general,certified,True,U. S. Representative,19  Unexpired Term,Jerri SimmonsAsmussen,,,,,DEM,Texas,TERRY,ocd-division/country:us/state:tx/county:terry,20,,,,,2003
2016-02-23 19:25:53.675000,tx-2003-05-03-special-general,2003-05-03 00:00:00,2003-05-03 00:00:00,general,certified,True,U. S. Representative,19  Unexpired Term,Richard (Chip) Peterson,,,,,LIB,Texas,TERRY,ocd-division/country:us/state:tx/county:terry,0,,,,,2003
2016-02-23 19:25:53.675000,tx-2003-05-03-special-general,2003-05-03 00:00:00,2003-05-03 00:00:00,general,certified,True,U. S. Representative,19  Unexpired Term,Julia Penelope,,,,,GRN,Texas,TERRY,ocd-division/country:us/state:tx/county:terry,2,,,,,2003
2016-02-23 19:25:53.675000,tx-2003-05-03-special-general,2003-05-03 00:00:00,2003-05-03 00:00:00,general,certified,True,U. S. Representative,19  Unexpired Term,Randy Neugebauer,,,,,REP,Texas,TERRY,ocd-division/country:us/state:tx/county:terry,483,,,,,2003
2016-02-23 19:25:53.675000,tx-2003-05-03-special-general,2003-05-03 00:00:00,2003-05-03 00:00:00,general,certified,True,U. S. Representative,19  Unexpired Term,Donald May,,,,,REP,Texas,TERRY,ocd-division/country:us/state:tx/county:terry,9,,,,,2003
2016-02-23 19:25:53.675000,tx-2003-05-03-special-general,2003-05-03 00:00:00,2003-05-03 00:00:00,general,certified,True,U. S. Representative,19  Unexpired Term,David R. Langston,,,,,REP,Texas,TERRY,ocd-division/country:us/state:tx/county:terry,189,,,,,2003
2016-02-23 19:25:53.675000,tx-2003-05-03-special-general,2003-05-03 00:00:00,2003-05-03 00:00:00,general,certified,True,U. S. Representative,19  Unexpired Term,Carl H. Isett,,,,,REP,Texas,TERRY,ocd-division/country:us/state:tx/county:terry,137,,,,,2003
2016-02-23 19:25:53.675000,tx-2003-05-03-special-general,2003-05-03 00:00:00,2003-05-03 00:00:00,general,certified,True,U. S. Representative,19  Unexpired Term,"E.L. ""Ed"" Hicks",,,,,IND,Texas,TERRY,ocd-division/country:us/state:tx/county:terry,2,,,,,2003
2016-02-23 19:25:53.675000,tx-2003-05-03-special-general,2003-05-03 00:00:00,2003-05-03 00:00:00,general,certified,True,U. S. Representative,19  Unexpired Term,Kaye Gaddy,,,,,DEM,Texas,TERRY,ocd-division/country:us/state:tx/county:terry,24,,,,,2003
2016-02-23 19:25:53.675000,tx-2003-05-03-special-general,2003-05-03 00:00:00,2003-05-03 00:00:00,general,certified,True,U. S. Representative,19  Unexpired Term,Thomas Flournoy,,,,,CON,Texas,TERRY,ocd-division/country:us/state:tx/county:terry,1,,,,,2003
2016-02-23 19:25:53.675000,tx-2003-05-03-special-general,2003-05-03 00:00:00,2003-05-03 00:00:00,general,certified,True,U. S. Representative,19  Unexpired Term,Mike Conaway,,,,,REP,Texas,TERRY,ocd-division/country:us/state:tx/county:terry,102,,,,,2003
2016-02-23 19:25:53.675000,tx-2003-05-03-special-general,2003-05-03 00:00:00,2003-05-03 00:00:00,general,certified,True,U. S. Representative,19  Unexpired Term,William M. (Bill) Christian,,,,,REP,Texas,TERRY,ocd-division/country:us/state:tx/county:terry,2,,,,,2003
2016-02-23 19:25:53.675000,tx-2003-05-03-special-general,2003-05-03 00:00:00,2003-05-03 00:00:00,general,certified,True,U. S. Representative,19  Unexpired Term,Jamie Berryhill,,,,,REP,Texas,TERRY,ocd-division/country:us/state:tx/county:terry,10,,,,,2003
2016-02-23 19:25:53.675000,tx-2003-05-03-special-general,2003-05-03 00:00:00,2003-05-03 00:00:00,general,certified,True,U. S. Representative,19  Unexpired Term,John D. Bell,,,,,REP,Texas,TERRY,ocd-division/country:us/state:tx/county:terry,9,,,,,2003
2016-02-23 19:25:53.675000,tx-2003-05-03-special-general,2003-05-03 00:00:00,2003-05-03 00:00:00,general,certified,True,U. S. Representative,19  Unexpired Term,Richard  Bartlett,,,,,REP,Texas,TERRY,ocd-division/country:us/state:tx/county:terry,1,,,,,2003
2016-02-23 19:25:53.675000,tx-2003-05-03-special-general,2003-05-03 00:00:00,2003-05-03 00:00:00,general,certified,True,U. S. Representative,19  Unexpired Term,Total,,,,,,Texas,PARMER,ocd-division/country:us/state:tx/county:parmer,654,,,,,2003
2016-02-23 19:25:53.675000,tx-2003-05-03-special-general,2003-05-03 00:00:00,2003-05-03 00:00:00,general,certified,True,U. S. Representative,19  Unexpired Term,Stace Williams,,,,,REP,Texas,PARMER,ocd-division/country:us/state:tx/county:parmer,6,,,,,2003
2016-02-23 19:25:53.675000,tx-2003-05-03-special-general,2003-05-03 00:00:00,2003-05-03 00:00:00,general,certified,True,U. S. Representative,19  Unexpired Term,Vickie Sutton,,,,,REP,Texas,PARMER,ocd-division/country:us/state:tx/county:parmer,9,,,,,2003
2016-02-23 19:25:53.675000,tx-2003-05-03-special-general,2003-05-03 00:00:00,2003-05-03 00:00:00,general,certified,True,U. S. Representative,19  Unexpired Term,Jerri SimmonsAsmussen,,,,,DEM,Texas,PARMER,ocd-division/country:us/state:tx/county:parmer,12,,,,,2003
2016-02-23 19:25:53.675000,tx-2003-05-03-special-general,2003-05-03 00:00:00,2003-05-03 00:00:00,general,certified,True,U. S. Representative,19  Unexpired Term,Richard (Chip) Peterson,,,,,LIB,Texas,PARMER,ocd-division/country:us/state:tx/county:parmer,12,,,,,2003
2016-02-23 19:25:53.675000,tx-2003-05-03-special-general,2003-05-03 00:00:00,2003-05-03 00:00:00,general,certified,True,U. S. Representative,19  Unexpired Term,Julia Penelope,,,,,GRN,Texas,PARMER,ocd-division/country:us/state:tx/county:parmer,2,,,,,2003
2016-02-23 19:25:53.675000,tx-2003-05-03-special-general,2003-05-03 00:00:00,2003-05-03 00:00:00,general,certified,True,U. S. Representative,19  Unexpired Term,Randy Neugebauer,,,,,REP,Texas,PARMER,ocd-division/country:us/state:tx/county:parmer,284,,,,,2003
2016-02-23 19:25:53.675000,tx-2003-05-03-special-general,2003-05-03 00:00:00,2003-05-03 00:00:00,general,certified,True,U. S. Representative,19  Unexpired Term,Donald May,,,,,REP,Texas,PARMER,ocd-division/country:us/state:tx/county:parmer,2,,,,,2003
2016-02-23 19:25:53.675000,tx-2003-05-03-special-general,2003-05-03 00:00:00,2003-05-03 00:00:00,general,certified,True,U. S. Representative,19  Unexpired Term,David R. Langston,,,,,REP,Texas,PARMER,ocd-division/country:us/state:tx/county:parmer,215,,,,,2003
2016-02-23 19:25:53.675000,tx-2003-05-03-special-general,2003-05-03 00:00:00,2003-05-03 00:00:00,general,certified,True,U. S. Representative,19  Unexpired Term,Carl H. Isett,,,,,REP,Texas,PARMER,ocd-division/country:us/state:tx/county:parmer,47,,,,,2003
2016-02-23 19:25:53.675000,tx-2003-05-03-special-general,2003-05-03 00:00:00,2003-05-03 00:00:00,general,certified,True,U. S. Representative,19  Unexpired Term,"E.L. ""Ed"" Hicks",,,,,IND,Texas,PARMER,ocd-division/country:us/state:tx/county:parmer,4,,,,,2003
2016-02-23 19:25:53.675000,tx-2003-05-03-special-general,2003-05-03 00:00:00,2003-05-03 00:00:00,general,certified,True,U. S. Representative,19  Unexpired Term,Kaye Gaddy,,,,,DEM,Texas,PARMER,ocd-division/country:us/state:tx/county:parmer,15,,,,,2003
2016-02-23 19:25:53.675000,tx-2003-05-03-special-general,2003-05-03 00:00:00,2003-05-03 00:00:00,general,certified,True,U. S. Representative,19  Unexpired Term,Thomas Flournoy,,,,,CON,Texas,PARMER,ocd-division/country:us/state:tx/county:parmer,0,,,,,2003
2016-02-23 19:25:53.675000,tx-2003-05-03-special-general,2003-05-03 00:00:00,2003-05-03 00:00:00,general,certified,True,U. S. Representative,19  Unexpired Term,Mike Conaway,,,,,REP,Texas,PARMER,ocd-division/country:us/state:tx/county:parmer,22,,,,,2003
2016-02-23 19:25:53.675000,tx-2003-05-03-special-general,2003-05-03 00:00:00,2003-05-03 00:00:00,general,certified,True,U. S. Representative,19  Unexpired Term,William M. (Bill) Christian,,,,,REP,Texas,PARMER,ocd-division/country:us/state:tx/county:parmer,14,,,,,2003
2016-02-23 19:25:53.675000,tx-2003-05-03-special-general,2003-05-03 00:00:00,2003-05-03 00:00:00,general,certified,True,U. S. Representative,19  Unexpired Term,Jamie Berryhill,,,,,REP,Texas,PARMER,ocd-division/country:us/state:tx/county:parmer,4,,,,,2003
2016-02-23 19:25:53.675000,tx-2003-05-03-special-general,2003-05-03 00:00:00,2003-05-03 00:00:00,general,certified,True,U. S. Representative,19  Unexpired Term,John D. Bell,,,,,REP,Texas,PARMER,ocd-division/country:us/state:tx/county:parmer,2,,,,,2003
2016-02-23 19:25:53.675000,tx-2003-05-03-special-general,2003-05-03 00:00:00,2003-05-03 00:00:00,general,certified,True,U. S. Representative,19  Unexpired Term,Richard  Bartlett,,,,,REP,Texas,PARMER,ocd-division/country:us/state:tx/county:parmer,4,,,,,2003
2016-02-23 19:25:53.675000,tx-2003-05-03-special-general,2003-05-03 00:00:00,2003-05-03 00:00:00,general,certified,True,U. S. Representative,19  Unexpired Term,Total,,,,,,Texas,MIDLAND,ocd-division/country:us/state:tx/county:midland,11815,,,,,2003
2016-02-23 19:25:53.675000,tx-2003-05-03-special-general,2003-05-03 00:00:00,2003-05-03 00:00:00,general,certified,True,U. S. Representative,19  Unexpired Term,Stace Williams,,,,,REP,Texas,MIDLAND,ocd-division/country:us/state:tx/county:midland,301,,,,,2003
2016-02-23 19:25:53.675000,tx-2003-05-03-special-general,2003-05-03 00:00:00,2003-05-03 00:00:00,general,certified,True,U. S. Representative,19  Unexpired Term,Vickie Sutton,,,,,REP,Texas,MIDLAND,ocd-division/country:us/state:tx/county:midland,209,,,,,2003
2016-02-23 19:25:53.675000,tx-2003-05-03-special-general,2003-05-03 00:00:00,2003-05-03 00:00:00,general,certified,True,U. S. Representative,19  Unexpired Term,Jerri SimmonsAsmussen,,,,,DEM,Texas,MIDLAND,ocd-division/country:us/state:tx/county:midland,154,,,,,2003
2016-02-23 19:25:53.675000,tx-2003-05-03-special-general,2003-05-03 00:00:00,2003-05-03 00:00:00,general,certified,True,U. S. Representative,19  Unexpired Term,Richard (Chip) Peterson,,,,,LIB,Texas,MIDLAND,ocd-division/country:us/state:tx/county:midland,31,,,,,2003
2016-02-23 19:25:53.675000,tx-2003-05-03-special-general,2003-05-03 00:00:00,2003-05-03 00:00:00,general,certified,True,U. S. Representative,19  Unexpired Term,Julia Penelope,,,,,GRN,Texas,MIDLAND,ocd-division/country:us/state:tx/county:midland,27,,,,,2003
2016-02-23 19:25:53.675000,tx-2003-05-03-special-general,2003-05-03 00:00:00,2003-05-03 00:00:00,general,certified,True,U. S. Representative,19  Unexpired Term,Randy Neugebauer,,,,,REP,Texas,MIDLAND,ocd-division/country:us/state:tx/county:midland,453,,,,,2003
2016-02-23 19:25:53.675000,tx-2003-05-03-special-general,2003-05-03 00:00:00,2003-05-03 00:00:00,general,certified,True,U. S. Representative,19  Unexpired Term,Donald May,,,,,REP,Texas,MIDLAND,ocd-division/country:us/state:tx/county:midland,107,,,,,2003
2016-02-23 19:25:53.675000,tx-2003-05-03-special-general,2003-05-03 00:00:00,2003-05-03 00:00:00,general,certified,True,U. S. Representative,19  Unexpired Term,David R. Langston,,,,,REP,Texas,MIDLAND,ocd-division/country:us/state:tx/county:midland,256,,,,,2003
2016-02-23 19:25:53.675000,tx-2003-05-03-special-general,2003-05-03 00:00:00,2003-05-03 00:00:00,general,certified,True,U. S. Representative,19  Unexpired Term,Carl H. Isett,,,,,REP,Texas,MIDLAND,ocd-division/country:us/state:tx/county:midland,1490,,,,,2003
2016-02-23 19:25:53.675000,tx-2003-05-03-special-general,2003-05-03 00:00:00,2003-05-03 00:00:00,general,certified,True,U. S. Representative,19  Unexpired Term,"E.L. ""Ed"" Hicks",,,,,IND,Texas,MIDLAND,ocd-division/country:us/state:tx/county:midland,11,,,,,2003
2016-02-23 19:25:53.675000,tx-2003-05-03-special-general,2003-05-03 00:00:00,2003-05-03 00:00:00,general,certified,True,U. S. Representative,19  Unexpired Term,Kaye Gaddy,,,,,DEM,Texas,MIDLAND,ocd-division/country:us/state:tx/county:midland,352,,,,,2003
2016-02-23 19:25:53.675000,tx-2003-05-03-special-general,2003-05-03 00:00:00,2003-05-03 00:00:00,general,certified,True,U. S. Representative,19  Unexpired Term,Thomas Flournoy,,,,,CON,Texas,MIDLAND,ocd-division/country:us/state:tx/county:midland,58,,,,,2003
2016-02-23 19:25:53.675000,tx-2003-05-03-special-general,2003-05-03 00:00:00,2003-05-03 00:00:00,general,certified,True,U. S. Representative,19  Unexpired Term,Mike Conaway,,,,,REP,Texas,MIDLAND,ocd-division/country:us/state:tx/county:midland,6672,,,,,2003
2016-02-23 19:25:53.675000,tx-2003-05-03-special-general,2003-05-03 00:00:00,2003-05-03 00:00:00,general,certified,True,U. S. Representative,19  Unexpired Term,William M. (Bill) Christian,,,,,REP,Texas,MIDLAND,ocd-division/country:us/state:tx/county:midland,341,,,,,2003
2016-02-23 19:25:53.675000,tx-2003-05-03-special-general,2003-05-03 00:00:00,2003-05-03 00:00:00,general,certified,True,U. S. Representative,19  Unexpired Term,Jamie Berryhill,,,,,REP,Texas,MIDLAND,ocd-division/country:us/state:tx/county:midland,508,,,,,2003
2016-02-23 19:25:53.675000,tx-2003-05-03-special-general,2003-05-03 00:00:00,2003-05-03 00:00:00,general,certified,True,U. S. Representative,19  Unexpired Term,John D. Bell,,,,,REP,Texas,MIDLAND,ocd-division/country:us/state:tx/county:midland,567,,,,,2003
2016-02-23 19:25:53.675000,tx-2003-05-03-special-general,2003-05-03 00:00:00,2003-05-03 00:00:00,general,certified,True,U. S. Representative,19  Unexpired Term,Richard  Bartlett,,,,,REP,Texas,MIDLAND,ocd-division/country:us/state:tx/county:midland,278,,,,,2003
2016-02-23 19:25:53.675000,tx-2003-05-03-special-general,2003-05-03 00:00:00,2003-05-03 00:00:00,general,certified,True,U. S. Representative,19  Unexpired Term,Total,,,,,,Texas,MARTIN,ocd-division/country:us/state:tx/county:martin,468,,,,,2003
2016-02-23 19:25:53.675000,tx-2003-05-03-special-general,2003-05-03 00:00:00,2003-05-03 00:00:00,general,certified,True,U. S. Representative,19  Unexpired Term,Stace Williams,,,,,REP,Texas,MARTIN,ocd-division/country:us/state:tx/county:martin,33,,,,,2003
2016-02-23 19:25:53.675000,tx-2003-05-03-special-general,2003-05-03 00:00:00,2003-05-03 00:00:00,general,certified,True,U. S. Representative,19  Unexpired Term,Vickie Sutton,,,,,REP,Texas,MARTIN,ocd-division/country:us/state:tx/county:martin,32,,,,,2003
2016-02-23 19:25:53.675000,tx-2003-05-03-special-general,2003-05-03 00:00:00,2003-05-03 00:00:00,general,certified,True,U. S. Representative,19  Unexpired Term,Jerri SimmonsAsmussen,,,,,DEM,Texas,MARTIN,ocd-division/country:us/state:tx/county:martin,8,,,,,2003
2016-02-23 19:25:53.675000,tx-2003-05-03-special-general,2003-05-03 00:00:00,2003-05-03 00:00:00,general,certified,True,U. S. Representative,19  Unexpired Term,Richard (Chip) Peterson,,,,,LIB,Texas,MARTIN,ocd-division/country:us/state:tx/county:martin,1,,,,,2003
2016-02-23 19:25:53.675000,tx-2003-05-03-special-general,2003-05-03 00:00:00,2003-05-03 00:00:00,general,certified,True,U. S. Representative,19  Unexpired Term,Julia Penelope,,,,,GRN,Texas,MARTIN,ocd-division/country:us/state:tx/county:martin,2,,,,,2003
2016-02-23 19:25:53.675000,tx-2003-05-03-special-general,2003-05-03 00:00:00,2003-05-03 00:00:00,general,certified,True,U. S. Representative,19  Unexpired Term,Randy Neugebauer,,,,,REP,Texas,MARTIN,ocd-division/country:us/state:tx/county:martin,74,,,,,2003
2016-02-23 19:25:53.675000,tx-2003-05-03-special-general,2003-05-03 00:00:00,2003-05-03 00:00:00,general,certified,True,U. S. Representative,19  Unexpired Term,Donald May,,,,,REP,Texas,MARTIN,ocd-division/country:us/state:tx/county:martin,8,,,,,2003
2016-02-23 19:25:53.675000,tx-2003-05-03-special-general,2003-05-03 00:00:00,2003-05-03 00:00:00,general,certified,True,U. S. Representative,19  Unexpired Term,David R. Langston,,,,,REP,Texas,MARTIN,ocd-division/country:us/state:tx/county:martin,50,,,,,2003
2016-02-23 19:25:53.675000,tx-2003-05-03-special-general,2003-05-03 00:00:00,2003-05-03 00:00:00,general,certified,True,U. S. Representative,19  Unexpired Term,Carl H. Isett,,,,,REP,Texas,MARTIN,ocd-division/country:us/state:tx/county:martin,26,,,,,2003
2016-02-23 19:25:53.675000,tx-2003-05-03-special-general,2003-05-03 00:00:00,2003-05-03 00:00:00,general,certified,True,U. S. Representative,19  Unexpired Term,"E.L. ""Ed"" Hicks",,,,,IND,Texas,MARTIN,ocd-division/country:us/state:tx/county:martin,0,,,,,2003
2016-02-23 19:25:53.675000,tx-2003-05-03-special-general,2003-05-03 00:00:00,2003-05-03 00:00:00,general,certified,True,U. S. Representative,19  Unexpired Term,Kaye Gaddy,,,,,DEM,Texas,MARTIN,ocd-division/country:us/state:tx/county:martin,10,,,,,2003
2016-02-23 19:25:53.675000,tx-2003-05-03-special-general,2003-05-03 00:00:00,2003-05-03 00:00:00,general,certified,True,U. S. Representative,19  Unexpired Term,Thomas Flournoy,,,,,CON,Texas,MARTIN,ocd-division/country:us/state:tx/county:martin,0,,,,,2003
2016-02-23 19:25:53.675000,tx-2003-05-03-special-general,2003-05-03 00:00:00,2003-05-03 00:00:00,general,certified,True,U. S. Representative,19  Unexpired Term,Mike Conaway,,,,,REP,Texas,MARTIN,ocd-division/country:us/state:tx/county:martin,167,,,,,2003
2016-02-23 19:25:53.675000,tx-2003-05-03-special-general,2003-05-03 00:00:00,2003-05-03 00:00:00,general,certified,True,U. S. Representative,19  Unexpired Term,William M. (Bill) Christian,,,,,REP,Texas,MARTIN,ocd-division/country:us/state:tx/county:martin,11,,,,,2003
2016-02-23 19:25:53.675000,tx-2003-05-03-special-general,2003-05-03 00:00:00,2003-05-03 00:00:00,general,certified,True,U. S. Representative,19  Unexpired Term,Jamie Berryhill,,,,,REP,Texas,MARTIN,ocd-division/country:us/state:tx/county:martin,13,,,,,2003
2016-02-23 19:25:53.675000,tx-2003-05-03-special-general,2003-05-03 00:00:00,2003-05-03 00:00:00,general,certified,True,U. S. Representative,19  Unexpired Term,John D. Bell,,,,,REP,Texas,MARTIN,ocd-division/country:us/state:tx/county:martin,21,,,,,2003
2016-02-23 19:25:53.675000,tx-2003-05-03-special-general,2003-05-03 00:00:00,2003-05-03 00:00:00,general,certified,True,U. S. Representative,19  Unexpired Term,Richard  Bartlett,,,,,REP,Texas,MARTIN,ocd-division/country:us/state:tx/county:martin,12,,,,,2003
2016-02-23 19:25:53.675000,tx-2003-05-03-special-general,2003-05-03 00:00:00,2003-05-03 00:00:00,general,certified,True,U. S. Representative,19  Unexpired Term,Total,,,,,,Texas,LYNN,ocd-division/country:us/state:tx/county:lynn,979,,,,,2003
2016-02-23 19:25:53.675000,tx-2003-05-03-special-general,2003-05-03 00:00:00,2003-05-03 00:00:00,general,certified,True,U. S. Representative,19  Unexpired Term,Stace Williams,,,,,REP,Texas,LYNN,ocd-division/country:us/state:tx/county:lynn,83,,,,,2003
2016-02-23 19:25:53.675000,tx-2003-05-03-special-general,2003-05-03 00:00:00,2003-05-03 00:00:00,general,certified,True,U. S. Representative,19  Unexpired Term,Vickie Sutton,,,,,REP,Texas,LYNN,ocd-division/country:us/state:tx/county:lynn,52,,,,,2003
2016-02-23 19:25:53.675000,tx-2003-05-03-special-general,2003-05-03 00:00:00,2003-05-03 00:00:00,general,certified,True,U. S. Representative,19  Unexpired Term,Jerri SimmonsAsmussen,,,,,DEM,Texas,LYNN,ocd-division/country:us/state:tx/county:lynn,15,,,,,2003
2016-02-23 19:25:53.675000,tx-2003-05-03-special-general,2003-05-03 00:00:00,2003-05-03 00:00:00,general,certified,True,U. S. Representative,19  Unexpired Term,Richard (Chip) Peterson,,,,,LIB,Texas,LYNN,ocd-division/country:us/state:tx/county:lynn,2,,,,,2003
2016-02-23 19:25:53.675000,tx-2003-05-03-special-general,2003-05-03 00:00:00,2003-05-03 00:00:00,general,certified,True,U. S. Representative,19  Unexpired Term,Julia Penelope,,,,,GRN,Texas,LYNN,ocd-division/country:us/state:tx/county:lynn,2,,,,,2003
2016-02-23 19:25:53.675000,tx-2003-05-03-special-general,2003-05-03 00:00:00,2003-05-03 00:00:00,general,certified,True,U. S. Representative,19  Unexpired Term,Randy Neugebauer,,,,,REP,Texas,LYNN,ocd-division/country:us/state:tx/county:lynn,276,,,,,2003
2016-02-23 19:25:53.675000,tx-2003-05-03-special-general,2003-05-03 00:00:00,2003-05-03 00:00:00,general,certified,True,U. S. Representative,19  Unexpired Term,Donald May,,,,,REP,Texas,LYNN,ocd-division/country:us/state:tx/county:lynn,16,,,,,2003
2016-02-23 19:25:53.675000,tx-2003-05-03-special-general,2003-05-03 00:00:00,2003-05-03 00:00:00,general,certified,True,U. S. Representative,19  Unexpired Term,David R. Langston,,,,,REP,Texas,LYNN,ocd-division/country:us/state:tx/county:lynn,254,,,,,2003
2016-02-23 19:25:53.675000,tx-2003-05-03-special-general,2003-05-03 00:00:00,2003-05-03 00:00:00,general,certified,True,U. S. Representative,19  Unexpired Term,Carl H. Isett,,,,,REP,Texas,LYNN,ocd-division/country:us/state:tx/county:lynn,148,,,,,2003
2016-02-23 19:25:53.675000,tx-2003-05-03-special-general,2003-05-03 00:00:00,2003-05-03 00:00:00,general,certified,True,U. S. Representative,19  Unexpired Term,"E.L. ""Ed"" Hicks",,,,,IND,Texas,LYNN,ocd-division/country:us/state:tx/county:lynn,0,,,,,2003
2016-02-23 19:25:53.675000,tx-2003-05-03-special-general,2003-05-03 00:00:00,2003-05-03 00:00:00,general,certified,True,U. S. Representative,19  Unexpired Term,Kaye Gaddy,,,,,DEM,Texas,LYNN,ocd-division/country:us/state:tx/county:lynn,30,,,,,2003
2016-02-23 19:25:53.675000,tx-2003-05-03-special-general,2003-05-03 00:00:00,2003-05-03 00:00:00,general,certified,True,U. S. Representative,19  Unexpired Term,Thomas Flournoy,,,,,CON,Texas,LYNN,ocd-division/country:us/state:tx/county:lynn,1,,,,,2003
2016-02-23 19:25:53.675000,tx-2003-05-03-special-general,2003-05-03 00:00:00,2003-05-03 00:00:00,general,certified,True,U. S. Representative,19  Unexpired Term,Mike Conaway,,,,,REP,Texas,LYNN,ocd-division/country:us/state:tx/county:lynn,70,,,,,2003
2016-02-23 19:25:53.675000,tx-2003-05-03-special-general,2003-05-03 00:00:00,2003-05-03 00:00:00,general,certified,True,U. S. Representative,19  Unexpired Term,William M. (Bill) Christian,,,,,REP,Texas,LYNN,ocd-division/country:us/state:tx/county:lynn,9,,,,,2003
2016-02-23 19:25:53.675000,tx-2003-05-03-special-general,2003-05-03 00:00:00,2003-05-03 00:00:00,general,certified,True,U. S. Representative,19  Unexpired Term,Jamie Berryhill,,,,,REP,Texas,LYNN,ocd-division/country:us/state:tx/county:lynn,7,,,,,2003
2016-02-23 19:25:53.675000,tx-2003-05-03-special-general,2003-05-03 00:00:00,2003-05-03 00:00:00,general,certified,True,U. S. Representative,19  Unexpired Term,John D. Bell,,,,,REP,Texas,LYNN,ocd-division/country:us/state:tx/county:lynn,12,,,,,2003
2016-02-23 19:25:53.675000,tx-2003-05-03-special-general,2003-05-03 00:00:00,2003-05-03 00:00:00,general,certified,True,U. S. Representative,19  Unexpired Term,Richard  Bartlett,,,,,REP,Texas,LYNN,ocd-division/country:us/state:tx/county:lynn,2,,,,,2003
2016-02-23 19:25:53.675000,tx-2003-05-03-special-general,2003-05-03 00:00:00,2003-05-03 00:00:00,general,certified,True,U. S. Representative,19  Unexpired Term,Total,,,,,,Texas,LUBBOCK,ocd-division/country:us/state:tx/county:lubbock,26390,,,,,2003
2016-02-23 19:25:53.675000,tx-2003-05-03-special-general,2003-05-03 00:00:00,2003-05-03 00:00:00,general,certified,True,U. S. Representative,19  Unexpired Term,Stace Williams,,,,,REP,Texas,LUBBOCK,ocd-division/country:us/state:tx/county:lubbock,1314,,,,,2003
2016-02-23 19:25:53.675000,tx-2003-05-03-special-general,2003-05-03 00:00:00,2003-05-03 00:00:00,general,certified,True,U. S. Representative,19  Unexpired Term,Vickie Sutton,,,,,REP,Texas,LUBBOCK,ocd-division/country:us/state:tx/county:lubbock,1154,,,,,2003
2016-02-23 19:25:53.675000,tx-2003-05-03-special-general,2003-05-03 00:00:00,2003-05-03 00:00:00,general,certified,True,U. S. Representative,19  Unexpired Term,Jerri SimmonsAsmussen,,,,,DEM,Texas,LUBBOCK,ocd-division/country:us/state:tx/county:lubbock,374,,,,,2003
2016-02-23 19:25:53.675000,tx-2003-05-03-special-general,2003-05-03 00:00:00,2003-05-03 00:00:00,general,certified,True,U. S. Representative,19  Unexpired Term,Richard (Chip) Peterson,,,,,LIB,Texas,LUBBOCK,ocd-division/country:us/state:tx/county:lubbock,82,,,,,2003
2016-02-23 19:25:53.675000,tx-2003-05-03-special-general,2003-05-03 00:00:00,2003-05-03 00:00:00,general,certified,True,U. S. Representative,19  Unexpired Term,Julia Penelope,,,,,GRN,Texas,LUBBOCK,ocd-division/country:us/state:tx/county:lubbock,136,,,,,2003
2016-02-23 19:25:53.675000,tx-2003-05-03-special-general,2003-05-03 00:00:00,2003-05-03 00:00:00,general,certified,True,U. S. Representative,19  Unexpired Term,Randy Neugebauer,,,,,REP,Texas,LUBBOCK,ocd-division/country:us/state:tx/county:lubbock,7780,,,,,2003
2016-02-23 19:25:53.675000,tx-2003-05-03-special-general,2003-05-03 00:00:00,2003-05-03 00:00:00,general,certified,True,U. S. Representative,19  Unexpired Term,Donald May,,,,,REP,Texas,LUBBOCK,ocd-division/country:us/state:tx/county:lubbock,340,,,,,2003
2016-02-23 19:25:53.675000,tx-2003-05-03-special-general,2003-05-03 00:00:00,2003-05-03 00:00:00,general,certified,True,U. S. Representative,19  Unexpired Term,David R. Langston,,,,,REP,Texas,LUBBOCK,ocd-division/country:us/state:tx/county:lubbock,5455,,,,,2003
2016-02-23 19:25:53.675000,tx-2003-05-03-special-general,2003-05-03 00:00:00,2003-05-03 00:00:00,general,certified,True,U. S. Representative,19  Unexpired Term,Carl H. Isett,,,,,REP,Texas,LUBBOCK,ocd-division/country:us/state:tx/county:lubbock,7263,,,,,2003
2016-02-23 19:25:53.675000,tx-2003-05-03-special-general,2003-05-03 00:00:00,2003-05-03 00:00:00,general,certified,True,U. S. Representative,19  Unexpired Term,"E.L. ""Ed"" Hicks",,,,,IND,Texas,LUBBOCK,ocd-division/country:us/state:tx/county:lubbock,15,,,,,2003
2016-02-23 19:25:53.675000,tx-2003-05-03-special-general,2003-05-03 00:00:00,2003-05-03 00:00:00,general,certified,True,U. S. Representative,19  Unexpired Term,Kaye Gaddy,,,,,DEM,Texas,LUBBOCK,ocd-division/country:us/state:tx/county:lubbock,303,,,,,2003
2016-02-23 19:25:53.675000,tx-2003-05-03-special-general,2003-05-03 00:00:00,2003-05-03 00:00:00,general,certified,True,U. S. Representative,19  Unexpired Term,Thomas Flournoy,,,,,CON,Texas,LUBBOCK,ocd-division/country:us/state:tx/county:lubbock,16,,,,,2003
2016-02-23 19:25:53.675000,tx-2003-05-03-special-general,2003-05-03 00:00:00,2003-05-03 00:00:00,general,certified,True,U. S. Representative,19  Unexpired Term,Mike Conaway,,,,,REP,Texas,LUBBOCK,ocd-division/country:us/state:tx/county:lubbock,1801,,,,,2003
2016-02-23 19:25:53.675000,tx-2003-05-03-special-general,2003-05-03 00:00:00,2003-05-03 00:00:00,general,certified,True,U. S. Representative,19  Unexpired Term,William M. (Bill) Christian,,,,,REP,Texas,LUBBOCK,ocd-division/country:us/state:tx/county:lubbock,54,,,,,2003
2016-02-23 19:25:53.675000,tx-2003-05-03-special-general,2003-05-03 00:00:00,2003-05-03 00:00:00,general,certified,True,U. S. Representative,19  Unexpired Term,Jamie Berryhill,,,,,REP,Texas,LUBBOCK,ocd-division/country:us/state:tx/county:lubbock,204,,,,,2003
2016-02-23 19:25:53.675000,tx-2003-05-03-special-general,2003-05-03 00:00:00,2003-05-03 00:00:00,general,certified,True,U. S. Representative,19  Unexpired Term,John D. Bell,,,,,REP,Texas,LUBBOCK,ocd-division/country:us/state:tx/county:lubbock,77,,,,,2003
2016-02-23 19:25:53.675000,tx-2003-05-03-special-general,2003-05-03 00:00:00,2003-05-03 00:00:00,general,certified,True,U. S. Representative,19  Unexpired Term,Richard  Bartlett,,,,,REP,Texas,LUBBOCK,ocd-division/country:us/state:tx/county:lubbock,22,,,,,2003
2016-02-23 19:25:53.675000,tx-2003-05-03-special-general,2003-05-03 00:00:00,2003-05-03 00:00:00,general,certified,True,U. S. Representative,19  Unexpired Term,Total,,,,,,Texas,LOVING,ocd-division/country:us/state:tx/county:loving,31,,,,,2003
2016-02-23 19:25:53.675000,tx-2003-05-03-special-general,2003-05-03 00:00:00,2003-05-03 00:00:00,general,certified,True,U. S. Representative,19  Unexpired Term,Stace Williams,,,,,REP,Texas,LOVING,ocd-division/country:us/state:tx/county:loving,0,,,,,2003
2016-02-23 19:25:53.675000,tx-2003-05-03-special-general,2003-05-03 00:00:00,2003-05-03 00:00:00,general,certified,True,U. S. Representative,19  Unexpired Term,Vickie Sutton,,,,,REP,Texas,LOVING,ocd-division/country:us/state:tx/county:loving,4,,,,,2003
2016-02-23 19:25:53.675000,tx-2003-05-03-special-general,2003-05-03 00:00:00,2003-05-03 00:00:00,general,certified,True,U. S. Representative,19  Unexpired Term,Jerri SimmonsAsmussen,,,,,DEM,Texas,LOVING,ocd-division/country:us/state:tx/county:loving,0,,,,,2003
2016-02-23 19:25:53.675000,tx-2003-05-03-special-general,2003-05-03 00:00:00,2003-05-03 00:00:00,general,certified,True,U. S. Representative,19  Unexpired Term,Richard (Chip) Peterson,,,,,LIB,Texas,LOVING,ocd-division/country:us/state:tx/county:loving,0,,,,,2003
2016-02-23 19:25:53.675000,tx-2003-05-03-special-general,2003-05-03 00:00:00,2003-05-03 00:00:00,general,certified,True,U. S. Representative,19  Unexpired Term,Julia Penelope,,,,,GRN,Texas,LOVING,ocd-division/country:us/state:tx/county:loving,0,,,,,2003
2016-02-23 19:25:53.675000,tx-2003-05-03-special-general,2003-05-03 00:00:00,2003-05-03 00:00:00,general,certified,True,U. S. Representative,19  Unexpired Term,Randy Neugebauer,,,,,REP,Texas,LOVING,ocd-division/country:us/state:tx/county:loving,1,,,,,2003
2016-02-23 19:25:53.675000,tx-2003-05-03-special-general,2003-05-03 00:00:00,2003-05-03 00:00:00,general,certified,True,U. S. Representative,19  Unexpired Term,Donald May,,,,,REP,Texas,LOVING,ocd-division/country:us/state:tx/county:loving,4,,,,,2003
2016-02-23 19:25:53.675000,tx-2003-05-03-special-general,2003-05-03 00:00:00,2003-05-03 00:00:00,general,certified,True,U. S. Representative,19  Unexpired Term,David R. Langston,,,,,REP,Texas,LOVING,ocd-division/country:us/state:tx/county:loving,0,,,,,2003
2016-02-23 19:25:53.675000,tx-2003-05-03-special-general,2003-05-03 00:00:00,2003-05-03 00:00:00,general,certified,True,U. S. Representative,19  Unexpired Term,Carl H. Isett,,,,,REP,Texas,LOVING,ocd-division/country:us/state:tx/county:loving,4,,,,,2003
2016-02-23 19:25:53.675000,tx-2003-05-03-special-general,2003-05-03 00:00:00,2003-05-03 00:00:00,general,certified,True,U. S. Representative,19  Unexpired Term,"E.L. ""Ed"" Hicks",,,,,IND,Texas,LOVING,ocd-division/country:us/state:tx/county:loving,0,,,,,2003
2016-02-23 19:25:53.675000,tx-2003-05-03-special-general,2003-05-03 00:00:00,2003-05-03 00:00:00,general,certified,True,U. S. Representative,19  Unexpired Term,Kaye Gaddy,,,,,DEM,Texas,LOVING,ocd-division/country:us/state:tx/county:loving,0,,,,,2003
2016-02-23 19:25:53.675000,tx-2003-05-03-special-general,2003-05-03 00:00:00,2003-05-03 00:00:00,general,certified,True,U. S. Representative,19  Unexpired Term,Thomas Flournoy,,,,,CON,Texas,LOVING,ocd-division/country:us/state:tx/county:loving,0,,,,,2003
2016-02-23 19:25:53.675000,tx-2003-05-03-special-general,2003-05-03 00:00:00,2003-05-03 00:00:00,general,certified,True,U. S. Representative,19  Unexpired Term,Mike Conaway,,,,,REP,Texas,LOVING,ocd-division/country:us/state:tx/county:loving,5,,,,,2003
2016-02-23 19:25:53.675000,tx-2003-05-03-special-general,2003-05-03 00:00:00,2003-05-03 00:00:00,general,certified,True,U. S. Representative,19  Unexpired Term,William M. (Bill) Christian,,,,,REP,Texas,LOVING,ocd-division/country:us/state:tx/county:loving,7,,,,,2003
2016-02-23 19:25:53.675000,tx-2003-05-03-special-general,2003-05-03 00:00:00,2003-05-03 00:00:00,general,certified,True,U. S. Representative,19  Unexpired Term,Jamie Berryhill,,,,,REP,Texas,LOVING,ocd-division/country:us/state:tx/county:loving,3,,,,,2003
2016-02-23 19:25:53.675000,tx-2003-05-03-special-general,2003-05-03 00:00:00,2003-05-03 00:00:00,general,certified,True,U. S. Representative,19  Unexpired Term,John D. Bell,,,,,REP,Texas,LOVING,ocd-division/country:us/state:tx/county:loving,3,,,,,2003
2016-02-23 19:25:53.675000,tx-2003-05-03-special-general,2003-05-03 00:00:00,2003-05-03 00:00:00,general,certified,True,U. S. Representative,19  Unexpired Term,Richard  Bartlett,,,,,REP,Texas,LOVING,ocd-division/country:us/state:tx/county:loving,0,,,,,2003
2016-02-23 19:25:53.675000,tx-2003-05-03-special-general,2003-05-03 00:00:00,2003-05-03 00:00:00,general,certified,True,U. S. Representative,19  Unexpired Term,Total,,,,,,Texas,LAMB,ocd-division/country:us/state:tx/county:lamb,1482,,,,,2003
2016-02-23 19:25:53.675000,tx-2003-05-03-special-general,2003-05-03 00:00:00,2003-05-03 00:00:00,general,certified,True,U. S. Representative,19  Unexpired Term,Stace Williams,,,,,REP,Texas,LAMB,ocd-division/country:us/state:tx/county:lamb,63,,,,,2003
2016-02-23 19:25:53.675000,tx-2003-05-03-special-general,2003-05-03 00:00:00,2003-05-03 00:00:00,general,certified,True,U. S. Representative,19  Unexpired Term,Vickie Sutton,,,,,REP,Texas,LAMB,ocd-division/country:us/state:tx/county:lamb,49,,,,,2003
2016-02-23 19:25:53.675000,tx-2003-05-03-special-general,2003-05-03 00:00:00,2003-05-03 00:00:00,general,certified,True,U. S. Representative,19  Unexpired Term,Jerri SimmonsAsmussen,,,,,DEM,Texas,LAMB,ocd-division/country:us/state:tx/county:lamb,40,,,,,2003
2016-02-23 19:25:53.675000,tx-2003-05-03-special-general,2003-05-03 00:00:00,2003-05-03 00:00:00,general,certified,True,U. S. Representative,19  Unexpired Term,Richard (Chip) Peterson,,,,,LIB,Texas,LAMB,ocd-division/country:us/state:tx/county:lamb,2,,,,,2003
2016-02-23 19:25:53.675000,tx-2003-05-03-special-general,2003-05-03 00:00:00,2003-05-03 00:00:00,general,certified,True,U. S. Representative,19  Unexpired Term,Julia Penelope,,,,,GRN,Texas,LAMB,ocd-division/country:us/state:tx/county:lamb,1,,,,,2003
2016-02-23 19:25:53.675000,tx-2003-05-03-special-general,2003-05-03 00:00:00,2003-05-03 00:00:00,general,certified,True,U. S. Representative,19  Unexpired Term,Randy Neugebauer,,,,,REP,Texas,LAMB,ocd-division/country:us/state:tx/county:lamb,595,,,,,2003
2016-02-23 19:25:53.675000,tx-2003-05-03-special-general,2003-05-03 00:00:00,2003-05-03 00:00:00,general,certified,True,U. S. Representative,19  Unexpired Term,Donald May,,,,,REP,Texas,LAMB,ocd-division/country:us/state:tx/county:lamb,10,,,,,2003
2016-02-23 19:25:53.675000,tx-2003-05-03-special-general,2003-05-03 00:00:00,2003-05-03 00:00:00,general,certified,True,U. S. Representative,19  Unexpired Term,David R. Langston,,,,,REP,Texas,LAMB,ocd-division/country:us/state:tx/county:lamb,337,,,,,2003
2016-02-23 19:25:53.675000,tx-2003-05-03-special-general,2003-05-03 00:00:00,2003-05-03 00:00:00,general,certified,True,U. S. Representative,19  Unexpired Term,Carl H. Isett,,,,,REP,Texas,LAMB,ocd-division/country:us/state:tx/county:lamb,234,,,,,2003
2016-02-23 19:25:53.675000,tx-2003-05-03-special-general,2003-05-03 00:00:00,2003-05-03 00:00:00,general,certified,True,U. S. Representative,19  Unexpired Term,"E.L. ""Ed"" Hicks",,,,,IND,Texas,LAMB,ocd-division/country:us/state:tx/county:lamb,3,,,,,2003
2016-02-23 19:25:53.675000,tx-2003-05-03-special-general,2003-05-03 00:00:00,2003-05-03 00:00:00,general,certified,True,U. S. Representative,19  Unexpired Term,Kaye Gaddy,,,,,DEM,Texas,LAMB,ocd-division/country:us/state:tx/county:lamb,37,,,,,2003
2016-02-23 19:25:53.675000,tx-2003-05-03-special-general,2003-05-03 00:00:00,2003-05-03 00:00:00,general,certified,True,U. S. Representative,19  Unexpired Term,Thomas Flournoy,,,,,CON,Texas,LAMB,ocd-division/country:us/state:tx/county:lamb,0,,,,,2003
2016-02-23 19:25:53.675000,tx-2003-05-03-special-general,2003-05-03 00:00:00,2003-05-03 00:00:00,general,certified,True,U. S. Representative,19  Unexpired Term,Mike Conaway,,,,,REP,Texas,LAMB,ocd-division/country:us/state:tx/county:lamb,78,,,,,2003
2016-02-23 19:25:53.675000,tx-2003-05-03-special-general,2003-05-03 00:00:00,2003-05-03 00:00:00,general,certified,True,U. S. Representative,19  Unexpired Term,William M. (Bill) Christian,,,,,REP,Texas,LAMB,ocd-division/country:us/state:tx/county:lamb,4,,,,,2003
2016-02-23 19:25:53.675000,tx-2003-05-03-special-general,2003-05-03 00:00:00,2003-05-03 00:00:00,general,certified,True,U. S. Representative,19  Unexpired Term,Jamie Berryhill,,,,,REP,Texas,LAMB,ocd-division/country:us/state:tx/county:lamb,12,,,,,2003
2016-02-23 19:25:53.675000,tx-2003-05-03-special-general,2003-05-03 00:00:00,2003-05-03 00:00:00,general,certified,True,U. S. Representative,19  Unexpired Term,John D. Bell,,,,,REP,Texas,LAMB,ocd-division/country:us/state:tx/county:lamb,13,,,,,2003
2016-02-23 19:25:53.675000,tx-2003-05-03-special-general,2003-05-03 00:00:00,2003-05-03 00:00:00,general,certified,True,U. S. Representative,19  Unexpired Term,Richard  Bartlett,,,,,REP,Texas,LAMB,ocd-division/country:us/state:tx/county:lamb,4,,,,,2003
2016-02-23 19:25:53.675000,tx-2003-05-03-special-general,2003-05-03 00:00:00,2003-05-03 00:00:00,general,certified,True,U. S. Representative,19  Unexpired Term,Total,,,,,,Texas,HOWARD,ocd-division/country:us/state:tx/county:howard,1805,,,,,2003
2016-02-23 19:25:53.675000,tx-2003-05-03-special-general,2003-05-03 00:00:00,2003-05-03 00:00:00,general,certified,True,U. S. Representative,19  Unexpired Term,Stace Williams,,,,,REP,Texas,HOWARD,ocd-division/country:us/state:tx/county:howard,104,,,,,2003
2016-02-23 19:25:53.675000,tx-2003-05-03-special-general,2003-05-03 00:00:00,2003-05-03 00:00:00,general,certified,True,U. S. Representative,19  Unexpired Term,Vickie Sutton,,,,,REP,Texas,HOWARD,ocd-division/country:us/state:tx/county:howard,51,,,,,2003
2016-02-23 19:25:53.675000,tx-2003-05-03-special-general,2003-05-03 00:00:00,2003-05-03 00:00:00,general,certified,True,U. S. Representative,19  Unexpired Term,Jerri SimmonsAsmussen,,,,,DEM,Texas,HOWARD,ocd-division/country:us/state:tx/county:howard,50,,,,,2003
2016-02-23 19:25:53.675000,tx-2003-05-03-special-general,2003-05-03 00:00:00,2003-05-03 00:00:00,general,certified,True,U. S. Representative,19  Unexpired Term,Richard (Chip) Peterson,,,,,LIB,Texas,HOWARD,ocd-division/country:us/state:tx/county:howard,3,,,,,2003
2016-02-23 19:25:53.675000,tx-2003-05-03-special-general,2003-05-03 00:00:00,2003-05-03 00:00:00,general,certified,True,U. S. Representative,19  Unexpired Term,Julia Penelope,,,,,GRN,Texas,HOWARD,ocd-division/country:us/state:tx/county:howard,10,,,,,2003
2016-02-23 19:25:53.675000,tx-2003-05-03-special-general,2003-05-03 00:00:00,2003-05-03 00:00:00,general,certified,True,U. S. Representative,19  Unexpired Term,Randy Neugebauer,,,,,REP,Texas,HOWARD,ocd-division/country:us/state:tx/county:howard,641,,,,,2003
2016-02-23 19:25:53.675000,tx-2003-05-03-special-general,2003-05-03 00:00:00,2003-05-03 00:00:00,general,certified,True,U. S. Representative,19  Unexpired Term,Donald May,,,,,REP,Texas,HOWARD,ocd-division/country:us/state:tx/county:howard,33,,,,,2003
2016-02-23 19:25:53.675000,tx-2003-05-03-special-general,2003-05-03 00:00:00,2003-05-03 00:00:00,general,certified,True,U. S. Representative,19  Unexpired Term,David R. Langston,,,,,REP,Texas,HOWARD,ocd-division/country:us/state:tx/county:howard,126,,,,,2003
2016-02-23 19:25:53.675000,tx-2003-05-03-special-general,2003-05-03 00:00:00,2003-05-03 00:00:00,general,certified,True,U. S. Representative,19  Unexpired Term,Carl H. Isett,,,,,REP,Texas,HOWARD,ocd-division/country:us/state:tx/county:howard,312,,,,,2003
2016-02-23 19:25:53.675000,tx-2003-05-03-special-general,2003-05-03 00:00:00,2003-05-03 00:00:00,general,certified,True,U. S. Representative,19  Unexpired Term,"E.L. ""Ed"" Hicks",,,,,IND,Texas,HOWARD,ocd-division/country:us/state:tx/county:howard,3,,,,,2003
2016-02-23 19:25:53.675000,tx-2003-05-03-special-general,2003-05-03 00:00:00,2003-05-03 00:00:00,general,certified,True,U. S. Representative,19  Unexpired Term,Kaye Gaddy,,,,,DEM,Texas,HOWARD,ocd-division/country:us/state:tx/county:howard,169,,,,,2003
2016-02-23 19:25:53.675000,tx-2003-05-03-special-general,2003-05-03 00:00:00,2003-05-03 00:00:00,general,certified,True,U. S. Representative,19  Unexpired Term,Thomas Flournoy,,,,,CON,Texas,HOWARD,ocd-division/country:us/state:tx/county:howard,2,,,,,2003
2016-02-23 19:25:53.675000,tx-2003-05-03-special-general,2003-05-03 00:00:00,2003-05-03 00:00:00,general,certified,True,U. S. Representative,19  Unexpired Term,Mike Conaway,,,,,REP,Texas,HOWARD,ocd-division/country:us/state:tx/county:howard,126,,,,,2003
2016-02-23 19:25:53.675000,tx-2003-05-03-special-general,2003-05-03 00:00:00,2003-05-03 00:00:00,general,certified,True,U. S. Representative,19  Unexpired Term,William M. (Bill) Christian,,,,,REP,Texas,HOWARD,ocd-division/country:us/state:tx/county:howard,76,,,,,2003
2016-02-23 19:25:53.675000,tx-2003-05-03-special-general,2003-05-03 00:00:00,2003-05-03 00:00:00,general,certified,True,U. S. Representative,19  Unexpired Term,Jamie Berryhill,,,,,REP,Texas,HOWARD,ocd-division/country:us/state:tx/county:howard,25,,,,,2003
2016-02-23 19:25:53.675000,tx-2003-05-03-special-general,2003-05-03 00:00:00,2003-05-03 00:00:00,general,certified,True,U. S. Representative,19  Unexpired Term,John D. Bell,,,,,REP,Texas,HOWARD,ocd-division/country:us/state:tx/county:howard,53,,,,,2003
2016-02-23 19:25:53.675000,tx-2003-05-03-special-general,2003-05-03 00:00:00,2003-05-03 00:00:00,general,certified,True,U. S. Representative,19  Unexpired Term,Richard  Bartlett,,,,,REP,Texas,HOWARD,ocd-division/country:us/state:tx/county:howard,21,,,,,2003
2016-02-23 19:25:53.675000,tx-2003-05-03-special-general,2003-05-03 00:00:00,2003-05-03 00:00:00,general,certified,True,U. S. Representative,19  Unexpired Term,Total,,,,,,Texas,HOCKLEY,ocd-division/country:us/state:tx/county:hockley,1936,,,,,2003
2016-02-23 19:25:53.675000,tx-2003-05-03-special-general,2003-05-03 00:00:00,2003-05-03 00:00:00,general,certified,True,U. S. Representative,19  Unexpired Term,Stace Williams,,,,,REP,Texas,HOCKLEY,ocd-division/country:us/state:tx/county:hockley,133,,,,,2003
2016-02-23 19:25:53.675000,tx-2003-05-03-special-general,2003-05-03 00:00:00,2003-05-03 00:00:00,general,certified,True,U. S. Representative,19  Unexpired Term,Vickie Sutton,,,,,REP,Texas,HOCKLEY,ocd-division/country:us/state:tx/county:hockley,99,,,,,2003
2016-02-23 19:25:53.675000,tx-2003-05-03-special-general,2003-05-03 00:00:00,2003-05-03 00:00:00,general,certified,True,U. S. Representative,19  Unexpired Term,Jerri SimmonsAsmussen,,,,,DEM,Texas,HOCKLEY,ocd-division/country:us/state:tx/county:hockley,35,,,,,2003
2016-02-23 19:25:53.675000,tx-2003-05-03-special-general,2003-05-03 00:00:00,2003-05-03 00:00:00,general,certified,True,U. S. Representative,19  Unexpired Term,Richard (Chip) Peterson,,,,,LIB,Texas,HOCKLEY,ocd-division/country:us/state:tx/county:hockley,1,,,,,2003
2016-02-23 19:25:53.675000,tx-2003-05-03-special-general,2003-05-03 00:00:00,2003-05-03 00:00:00,general,certified,True,U. S. Representative,19  Unexpired Term,Julia Penelope,,,,,GRN,Texas,HOCKLEY,ocd-division/country:us/state:tx/county:hockley,2,,,,,2003
2016-02-23 19:25:53.675000,tx-2003-05-03-special-general,2003-05-03 00:00:00,2003-05-03 00:00:00,general,certified,True,U. S. Representative,19  Unexpired Term,Randy Neugebauer,,,,,REP,Texas,HOCKLEY,ocd-division/country:us/state:tx/county:hockley,612,,,,,2003
2016-02-23 19:25:53.675000,tx-2003-05-03-special-general,2003-05-03 00:00:00,2003-05-03 00:00:00,general,certified,True,U. S. Representative,19  Unexpired Term,Donald May,,,,,REP,Texas,HOCKLEY,ocd-division/country:us/state:tx/county:hockley,11,,,,,2003
2016-02-23 19:25:53.675000,tx-2003-05-03-special-general,2003-05-03 00:00:00,2003-05-03 00:00:00,general,certified,True,U. S. Representative,19  Unexpired Term,David R. Langston,,,,,REP,Texas,HOCKLEY,ocd-division/country:us/state:tx/county:hockley,401,,,,,2003
2016-02-23 19:25:53.675000,tx-2003-05-03-special-general,2003-05-03 00:00:00,2003-05-03 00:00:00,general,certified,True,U. S. Representative,19  Unexpired Term,Carl H. Isett,,,,,REP,Texas,HOCKLEY,ocd-division/country:us/state:tx/county:hockley,372,,,,,2003
2016-02-23 19:25:53.675000,tx-2003-05-03-special-general,2003-05-03 00:00:00,2003-05-03 00:00:00,general,certified,True,U. S. Representative,19  Unexpired Term,"E.L. ""Ed"" Hicks",,,,,IND,Texas,HOCKLEY,ocd-division/country:us/state:tx/county:hockley,1,,,,,2003
2016-02-23 19:25:53.675000,tx-2003-05-03-special-general,2003-05-03 00:00:00,2003-05-03 00:00:00,general,certified,True,U. S. Representative,19  Unexpired Term,Kaye Gaddy,,,,,DEM,Texas,HOCKLEY,ocd-division/country:us/state:tx/county:hockley,42,,,,,2003
2016-02-23 19:25:53.675000,tx-2003-05-03-special-general,2003-05-03 00:00:00,2003-05-03 00:00:00,general,certified,True,U. S. Representative,19  Unexpired Term,Thomas Flournoy,,,,,CON,Texas,HOCKLEY,ocd-division/country:us/state:tx/county:hockley,2,,,,,2003
2016-02-23 19:25:53.675000,tx-2003-05-03-special-general,2003-05-03 00:00:00,2003-05-03 00:00:00,general,certified,True,U. S. Representative,19  Unexpired Term,Mike Conaway,,,,,REP,Texas,HOCKLEY,ocd-division/country:us/state:tx/county:hockley,151,,,,,2003
2016-02-23 19:25:53.675000,tx-2003-05-03-special-general,2003-05-03 00:00:00,2003-05-03 00:00:00,general,certified,True,U. S. Representative,19  Unexpired Term,William M. (Bill) Christian,,,,,REP,Texas,HOCKLEY,ocd-division/country:us/state:tx/county:hockley,11,,,,,2003
2016-02-23 19:25:53.675000,tx-2003-05-03-special-general,2003-05-03 00:00:00,2003-05-03 00:00:00,general,certified,True,U. S. Representative,19  Unexpired Term,Jamie Berryhill,,,,,REP,Texas,HOCKLEY,ocd-division/country:us/state:tx/county:hockley,21,,,,,2003
2016-02-23 19:25:53.675000,tx-2003-05-03-special-general,2003-05-03 00:00:00,2003-05-03 00:00:00,general,certified,True,U. S. Representative,19  Unexpired Term,John D. Bell,,,,,REP,Texas,HOCKLEY,ocd-division/country:us/state:tx/county:hockley,41,,,,,2003
2016-02-23 19:25:53.675000,tx-2003-05-03-special-general,2003-05-03 00:00:00,2003-05-03 00:00:00,general,certified,True,U. S. Representative,19  Unexpired Term,Richard  Bartlett,,,,,REP,Texas,HOCKLEY,ocd-division/country:us/state:tx/county:hockley,1,,,,,2003
2016-02-23 19:25:53.675000,tx-2003-05-03-special-general,2003-05-03 00:00:00,2003-05-03 00:00:00,general,certified,True,U. S. Representative,19  Unexpired Term,Total,,,,,,Texas,GAINES,ocd-division/country:us/state:tx/county:gaines,970,,,,,2003
2016-02-23 19:25:53.675000,tx-2003-05-03-special-general,2003-05-03 00:00:00,2003-05-03 00:00:00,general,certified,True,U. S. Representative,19  Unexpired Term,Stace Williams,,,,,REP,Texas,GAINES,ocd-division/country:us/state:tx/county:gaines,65,,,,,2003
2016-02-23 19:25:53.675000,tx-2003-05-03-special-general,2003-05-03 00:00:00,2003-05-03 00:00:00,general,certified,True,U. S. Representative,19  Unexpired Term,Vickie Sutton,,,,,REP,Texas,GAINES,ocd-division/country:us/state:tx/county:gaines,58,,,,,2003
2016-02-23 19:25:53.675000,tx-2003-05-03-special-general,2003-05-03 00:00:00,2003-05-03 00:00:00,general,certified,True,U. S. Representative,19  Unexpired Term,Jerri SimmonsAsmussen,,,,,DEM,Texas,GAINES,ocd-division/country:us/state:tx/county:gaines,17,,,,,2003
2016-02-23 19:25:53.675000,tx-2003-05-03-special-general,2003-05-03 00:00:00,2003-05-03 00:00:00,general,certified,True,U. S. Representative,19  Unexpired Term,Richard (Chip) Peterson,,,,,LIB,Texas,GAINES,ocd-division/country:us/state:tx/county:gaines,2,,,,,2003
2016-02-23 19:25:53.675000,tx-2003-05-03-special-general,2003-05-03 00:00:00,2003-05-03 00:00:00,general,certified,True,U. S. Representative,19  Unexpired Term,Julia Penelope,,,,,GRN,Texas,GAINES,ocd-division/country:us/state:tx/county:gaines,4,,,,,2003
2016-02-23 19:25:53.675000,tx-2003-05-03-special-general,2003-05-03 00:00:00,2003-05-03 00:00:00,general,certified,True,U. S. Representative,19  Unexpired Term,Randy Neugebauer,,,,,REP,Texas,GAINES,ocd-division/country:us/state:tx/county:gaines,291,,,,,2003
2016-02-23 19:25:53.675000,tx-2003-05-03-special-general,2003-05-03 00:00:00,2003-05-03 00:00:00,general,certified,True,U. S. Representative,19  Unexpired Term,Donald May,,,,,REP,Texas,GAINES,ocd-division/country:us/state:tx/county:gaines,4,,,,,2003
2016-02-23 19:25:53.675000,tx-2003-05-03-special-general,2003-05-03 00:00:00,2003-05-03 00:00:00,general,certified,True,U. S. Representative,19  Unexpired Term,David R. Langston,,,,,REP,Texas,GAINES,ocd-division/country:us/state:tx/county:gaines,161,,,,,2003
2016-02-23 19:25:53.675000,tx-2003-05-03-special-general,2003-05-03 00:00:00,2003-05-03 00:00:00,general,certified,True,U. S. Representative,19  Unexpired Term,Carl H. Isett,,,,,REP,Texas,GAINES,ocd-division/country:us/state:tx/county:gaines,94,,,,,2003
2016-02-23 19:25:53.675000,tx-2003-05-03-special-general,2003-05-03 00:00:00,2003-05-03 00:00:00,general,certified,True,U. S. Representative,19  Unexpired Term,"E.L. ""Ed"" Hicks",,,,,IND,Texas,GAINES,ocd-division/country:us/state:tx/county:gaines,3,,,,,2003
2016-02-23 19:25:53.675000,tx-2003-05-03-special-general,2003-05-03 00:00:00,2003-05-03 00:00:00,general,certified,True,U. S. Representative,19  Unexpired Term,Kaye Gaddy,,,,,DEM,Texas,GAINES,ocd-division/country:us/state:tx/county:gaines,30,,,,,2003
2016-02-23 19:25:53.675000,tx-2003-05-03-special-general,2003-05-03 00:00:00,2003-05-03 00:00:00,general,certified,True,U. S. Representative,19  Unexpired Term,Thomas Flournoy,,,,,CON,Texas,GAINES,ocd-division/country:us/state:tx/county:gaines,1,,,,,2003
2016-02-23 19:25:53.675000,tx-2003-05-03-special-general,2003-05-03 00:00:00,2003-05-03 00:00:00,general,certified,True,U. S. Representative,19  Unexpired Term,Mike Conaway,,,,,REP,Texas,GAINES,ocd-division/country:us/state:tx/county:gaines,131,,,,,2003
2016-02-23 19:25:53.675000,tx-2003-05-03-special-general,2003-05-03 00:00:00,2003-05-03 00:00:00,general,certified,True,U. S. Representative,19  Unexpired Term,William M. (Bill) Christian,,,,,REP,Texas,GAINES,ocd-division/country:us/state:tx/county:gaines,25,,,,,2003
2016-02-23 19:25:53.675000,tx-2003-05-03-special-general,2003-05-03 00:00:00,2003-05-03 00:00:00,general,certified,True,U. S. Representative,19  Unexpired Term,Jamie Berryhill,,,,,REP,Texas,GAINES,ocd-division/country:us/state:tx/county:gaines,45,,,,,2003
2016-02-23 19:25:53.675000,tx-2003-05-03-special-general,2003-05-03 00:00:00,2003-05-03 00:00:00,general,certified,True,U. S. Representative,19  Unexpired Term,John D. Bell,,,,,REP,Texas,GAINES,ocd-division/country:us/state:tx/county:gaines,35,,,,,2003
2016-02-23 19:25:53.675000,tx-2003-05-03-special-general,2003-05-03 00:00:00,2003-05-03 00:00:00,general,certified,True,U. S. Representative,19  Unexpired Term,Richard  Bartlett,,,,,REP,Texas,GAINES,ocd-division/country:us/state:tx/county:gaines,4,,,,,2003
2016-02-23 19:25:53.675000,tx-2003-05-03-special-general,2003-05-03 00:00:00,2003-05-03 00:00:00,general,certified,True,U. S. Representative,19  Unexpired Term,Total,,,,,,Texas,ECTOR,ocd-division/country:us/state:tx/county:ector,6247,,,,,2003
2016-02-23 19:25:53.675000,tx-2003-05-03-special-general,2003-05-03 00:00:00,2003-05-03 00:00:00,general,certified,True,U. S. Representative,19  Unexpired Term,Stace Williams,,,,,REP,Texas,ECTOR,ocd-division/country:us/state:tx/county:ector,298,,,,,2003
2016-02-23 19:25:53.675000,tx-2003-05-03-special-general,2003-05-03 00:00:00,2003-05-03 00:00:00,general,certified,True,U. S. Representative,19  Unexpired Term,Vickie Sutton,,,,,REP,Texas,ECTOR,ocd-division/country:us/state:tx/county:ector,63,,,,,2003
2016-02-23 19:25:53.675000,tx-2003-05-03-special-general,2003-05-03 00:00:00,2003-05-03 00:00:00,general,certified,True,U. S. Representative,19  Unexpired Term,Jerri SimmonsAsmussen,,,,,DEM,Texas,ECTOR,ocd-division/country:us/state:tx/county:ector,92,,,,,2003
2016-02-23 19:25:53.675000,tx-2003-05-03-special-general,2003-05-03 00:00:00,2003-05-03 00:00:00,general,certified,True,U. S. Representative,19  Unexpired Term,Richard (Chip) Peterson,,,,,LIB,Texas,ECTOR,ocd-division/country:us/state:tx/county:ector,18,,,,,2003
2016-02-23 19:25:53.675000,tx-2003-05-03-special-general,2003-05-03 00:00:00,2003-05-03 00:00:00,general,certified,True,U. S. Representative,19  Unexpired Term,Julia Penelope,,,,,GRN,Texas,ECTOR,ocd-division/country:us/state:tx/county:ector,23,,,,,2003
2016-02-23 19:25:53.675000,tx-2003-05-03-special-general,2003-05-03 00:00:00,2003-05-03 00:00:00,general,certified,True,U. S. Representative,19  Unexpired Term,Randy Neugebauer,,,,,REP,Texas,ECTOR,ocd-division/country:us/state:tx/county:ector,534,,,,,2003
2016-02-23 19:25:53.675000,tx-2003-05-03-special-general,2003-05-03 00:00:00,2003-05-03 00:00:00,general,certified,True,U. S. Representative,19  Unexpired Term,Donald May,,,,,REP,Texas,ECTOR,ocd-division/country:us/state:tx/county:ector,39,,,,,2003
2016-02-23 19:25:53.675000,tx-2003-05-03-special-general,2003-05-03 00:00:00,2003-05-03 00:00:00,general,certified,True,U. S. Representative,19  Unexpired Term,David R. Langston,,,,,REP,Texas,ECTOR,ocd-division/country:us/state:tx/county:ector,190,,,,,2003
2016-02-23 19:25:53.675000,tx-2003-05-03-special-general,2003-05-03 00:00:00,2003-05-03 00:00:00,general,certified,True,U. S. Representative,19  Unexpired Term,Carl H. Isett,,,,,REP,Texas,ECTOR,ocd-division/country:us/state:tx/county:ector,514,,,,,2003
2016-02-23 19:25:53.675000,tx-2003-05-03-special-general,2003-05-03 00:00:00,2003-05-03 00:00:00,general,certified,True,U. S. Representative,19  Unexpired Term,"E.L. ""Ed"" Hicks",,,,,IND,Texas,ECTOR,ocd-division/country:us/state:tx/county:ector,13,,,,,2003
2016-02-23 19:25:53.675000,tx-2003-05-03-special-general,2003-05-03 00:00:00,2003-05-03 00:00:00,general,certified,True,U. S. Representative,19  Unexpired Term,Kaye Gaddy,,,,,DEM,Texas,ECTOR,ocd-division/country:us/state:tx/county:ector,236,,,,,2003
2016-02-23 19:25:53.675000,tx-2003-05-03-special-general,2003-05-03 00:00:00,2003-05-03 00:00:00,general,certified,True,U. S. Representative,19  Unexpired Term,Thomas Flournoy,,,,,CON,Texas,ECTOR,ocd-division/country:us/state:tx/county:ector,10,,,,,2003
2016-02-23 19:25:53.675000,tx-2003-05-03-special-general,2003-05-03 00:00:00,2003-05-03 00:00:00,general,certified,True,U. S. Representative,19  Unexpired Term,Mike Conaway,,,,,REP,Texas,ECTOR,ocd-division/country:us/state:tx/county:ector,2416,,,,,2003
2016-02-23 19:25:53.675000,tx-2003-05-03-special-general,2003-05-03 00:00:00,2003-05-03 00:00:00,general,certified,True,U. S. Representative,19  Unexpired Term,William M. (Bill) Christian,,,,,REP,Texas,ECTOR,ocd-division/country:us/state:tx/county:ector,201,,,,,2003
2016-02-23 19:25:53.675000,tx-2003-05-03-special-general,2003-05-03 00:00:00,2003-05-03 00:00:00,general,certified,True,U. S. Representative,19  Unexpired Term,Jamie Berryhill,,,,,REP,Texas,ECTOR,ocd-division/country:us/state:tx/county:ector,806,,,,,2003
2016-02-23 19:25:53.675000,tx-2003-05-03-special-general,2003-05-03 00:00:00,2003-05-03 00:00:00,general,certified,True,U. S. Representative,19  Unexpired Term,John D. Bell,,,,,REP,Texas,ECTOR,ocd-division/country:us/state:tx/county:ector,290,,,,,2003
2016-02-23 19:25:53.675000,tx-2003-05-03-special-general,2003-05-03 00:00:00,2003-05-03 00:00:00,general,certified,True,U. S. Representative,19  Unexpired Term,Richard  Bartlett,,,,,REP,Texas,ECTOR,ocd-division/country:us/state:tx/county:ector,504,,,,,2003
2016-02-23 19:25:53.675000,tx-2003-05-03-special-general,2003-05-03 00:00:00,2003-05-03 00:00:00,general,certified,True,U. S. Representative,19  Unexpired Term,Total,,,,,,Texas,CRANE,ocd-division/country:us/state:tx/county:crane,357,,,,,2003
2016-02-23 19:25:53.675000,tx-2003-05-03-special-general,2003-05-03 00:00:00,2003-05-03 00:00:00,general,certified,True,U. S. Representative,19  Unexpired Term,Stace Williams,,,,,REP,Texas,CRANE,ocd-division/country:us/state:tx/county:crane,11,,,,,2003
2016-02-23 19:25:53.675000,tx-2003-05-03-special-general,2003-05-03 00:00:00,2003-05-03 00:00:00,general,certified,True,U. S. Representative,19  Unexpired Term,Vickie Sutton,,,,,REP,Texas,CRANE,ocd-division/country:us/state:tx/county:crane,7,,,,,2003
2016-02-23 19:25:53.675000,tx-2003-05-03-special-general,2003-05-03 00:00:00,2003-05-03 00:00:00,general,certified,True,U. S. Representative,19  Unexpired Term,Jerri SimmonsAsmussen,,,,,DEM,Texas,CRANE,ocd-division/country:us/state:tx/county:crane,2,,,,,2003
2016-02-23 19:25:53.675000,tx-2003-05-03-special-general,2003-05-03 00:00:00,2003-05-03 00:00:00,general,certified,True,U. S. Representative,19  Unexpired Term,Richard (Chip) Peterson,,,,,LIB,Texas,CRANE,ocd-division/country:us/state:tx/county:crane,1,,,,,2003
2016-02-23 19:25:53.675000,tx-2003-05-03-special-general,2003-05-03 00:00:00,2003-05-03 00:00:00,general,certified,True,U. S. Representative,19  Unexpired Term,Julia Penelope,,,,,GRN,Texas,CRANE,ocd-division/country:us/state:tx/county:crane,0,,,,,2003
2016-02-23 19:25:53.675000,tx-2003-05-03-special-general,2003-05-03 00:00:00,2003-05-03 00:00:00,general,certified,True,U. S. Representative,19  Unexpired Term,Randy Neugebauer,,,,,REP,Texas,CRANE,ocd-division/country:us/state:tx/county:crane,36,,,,,2003
2016-02-23 19:25:53.675000,tx-2003-05-03-special-general,2003-05-03 00:00:00,2003-05-03 00:00:00,general,certified,True,U. S. Representative,19  Unexpired Term,Donald May,,,,,REP,Texas,CRANE,ocd-division/country:us/state:tx/county:crane,2,,,,,2003
2016-02-23 19:25:53.675000,tx-2003-05-03-special-general,2003-05-03 00:00:00,2003-05-03 00:00:00,general,certified,True,U. S. Representative,19  Unexpired Term,David R. Langston,,,,,REP,Texas,CRANE,ocd-division/country:us/state:tx/county:crane,6,,,,,2003
2016-02-23 19:25:53.675000,tx-2003-05-03-special-general,2003-05-03 00:00:00,2003-05-03 00:00:00,general,certified,True,U. S. Representative,19  Unexpired Term,Carl H. Isett,,,,,REP,Texas,CRANE,ocd-division/country:us/state:tx/county:crane,18,,,,,2003
2016-02-23 19:25:53.675000,tx-2003-05-03-special-general,2003-05-03 00:00:00,2003-05-03 00:00:00,general,certified,True,U. S. Representative,19  Unexpired Term,"E.L. ""Ed"" Hicks",,,,,IND,Texas,CRANE,ocd-division/country:us/state:tx/county:crane,1,,,,,2003
2016-02-23 19:25:53.675000,tx-2003-05-03-special-general,2003-05-03 00:00:00,2003-05-03 00:00:00,general,certified,True,U. S. Representative,19  Unexpired Term,Kaye Gaddy,,,,,DEM,Texas,CRANE,ocd-division/country:us/state:tx/county:crane,13,,,,,2003
2016-02-23 19:25:53.675000,tx-2003-05-03-special-general,2003-05-03 00:00:00,2003-05-03 00:00:00,general,certified,True,U. S. Representative,19  Unexpired Term,Thomas Flournoy,,,,,CON,Texas,CRANE,ocd-division/country:us/state:tx/county:crane,0,,,,,2003
2016-02-23 19:25:53.675000,tx-2003-05-03-special-general,2003-05-03 00:00:00,2003-05-03 00:00:00,general,certified,True,U. S. Representative,19  Unexpired Term,Mike Conaway,,,,,REP,Texas,CRANE,ocd-division/country:us/state:tx/county:crane,52,,,,,2003
2016-02-23 19:25:53.675000,tx-2003-05-03-special-general,2003-05-03 00:00:00,2003-05-03 00:00:00,general,certified,True,U. S. Representative,19  Unexpired Term,William M. (Bill) Christian,,,,,REP,Texas,CRANE,ocd-division/country:us/state:tx/county:crane,26,,,,,2003
2016-02-23 19:25:53.675000,tx-2003-05-03-special-general,2003-05-03 00:00:00,2003-05-03 00:00:00,general,certified,True,U. S. Representative,19  Unexpired Term,Jamie Berryhill,,,,,REP,Texas,CRANE,ocd-division/country:us/state:tx/county:crane,70,,,,,2003
2016-02-23 19:25:53.675000,tx-2003-05-03-special-general,2003-05-03 00:00:00,2003-05-03 00:00:00,general,certified,True,U. S. Representative,19  Unexpired Term,John D. Bell,,,,,REP,Texas,CRANE,ocd-division/country:us/state:tx/county:crane,27,,,,,2003
2016-02-23 19:25:53.675000,tx-2003-05-03-special-general,2003-05-03 00:00:00,2003-05-03 00:00:00,general,certified,True,U. S. Representative,19  Unexpired Term,Richard  Bartlett,,,,,REP,Texas,CRANE,ocd-division/country:us/state:tx/county:crane,85,,,,,2003
2016-02-23 19:25:53.675000,tx-2003-05-03-special-general,2003-05-03 00:00:00,2003-05-03 00:00:00,general,certified,True,U. S. Representative,19  Unexpired Term,Total,,,,,,Texas,COCHRAN,ocd-division/country:us/state:tx/county:cochran,377,,,,,2003
2016-02-23 19:25:53.675000,tx-2003-05-03-special-general,2003-05-03 00:00:00,2003-05-03 00:00:00,general,certified,True,U. S. Representative,19  Unexpired Term,Stace Williams,,,,,REP,Texas,COCHRAN,ocd-division/country:us/state:tx/county:cochran,27,,,,,2003
2016-02-23 19:25:53.675000,tx-2003-05-03-special-general,2003-05-03 00:00:00,2003-05-03 00:00:00,general,certified,True,U. S. Representative,19  Unexpired Term,Vickie Sutton,,,,,REP,Texas,COCHRAN,ocd-division/country:us/state:tx/county:cochran,28,,,,,2003
2016-02-23 19:25:53.675000,tx-2003-05-03-special-general,2003-05-03 00:00:00,2003-05-03 00:00:00,general,certified,True,U. S. Representative,19  Unexpired Term,Jerri SimmonsAsmussen,,,,,DEM,Texas,COCHRAN,ocd-division/country:us/state:tx/county:cochran,14,,,,,2003
2016-02-23 19:25:53.675000,tx-2003-05-03-special-general,2003-05-03 00:00:00,2003-05-03 00:00:00,general,certified,True,U. S. Representative,19  Unexpired Term,Richard (Chip) Peterson,,,,,LIB,Texas,COCHRAN,ocd-division/country:us/state:tx/county:cochran,0,,,,,2003
2016-02-23 19:25:53.675000,tx-2003-05-03-special-general,2003-05-03 00:00:00,2003-05-03 00:00:00,general,certified,True,U. S. Representative,19  Unexpired Term,Julia Penelope,,,,,GRN,Texas,COCHRAN,ocd-division/country:us/state:tx/county:cochran,2,,,,,2003
2016-02-23 19:25:53.675000,tx-2003-05-03-special-general,2003-05-03 00:00:00,2003-05-03 00:00:00,general,certified,True,U. S. Representative,19  Unexpired Term,Randy Neugebauer,,,,,REP,Texas,COCHRAN,ocd-division/country:us/state:tx/county:cochran,113,,,,,2003
2016-02-23 19:25:53.675000,tx-2003-05-03-special-general,2003-05-03 00:00:00,2003-05-03 00:00:00,general,certified,True,U. S. Representative,19  Unexpired Term,Donald May,,,,,REP,Texas,COCHRAN,ocd-division/country:us/state:tx/county:cochran,1,,,,,2003
2016-02-23 19:25:53.675000,tx-2003-05-03-special-general,2003-05-03 00:00:00,2003-05-03 00:00:00,general,certified,True,U. S. Representative,19  Unexpired Term,David R. Langston,,,,,REP,Texas,COCHRAN,ocd-division/country:us/state:tx/county:cochran,101,,,,,2003
2016-02-23 19:25:53.675000,tx-2003-05-03-special-general,2003-05-03 00:00:00,2003-05-03 00:00:00,general,certified,True,U. S. Representative,19  Unexpired Term,Carl H. Isett,,,,,REP,Texas,COCHRAN,ocd-division/country:us/state:tx/county:cochran,48,,,,,2003
2016-02-23 19:25:53.675000,tx-2003-05-03-special-general,2003-05-03 00:00:00,2003-05-03 00:00:00,general,certified,True,U. S. Representative,19  Unexpired Term,"E.L. ""Ed"" Hicks",,,,,IND,Texas,COCHRAN,ocd-division/country:us/state:tx/county:cochran,1,,,,,2003
2016-02-23 19:25:53.675000,tx-2003-05-03-special-general,2003-05-03 00:00:00,2003-05-03 00:00:00,general,certified,True,U. S. Representative,19  Unexpired Term,Kaye Gaddy,,,,,DEM,Texas,COCHRAN,ocd-division/country:us/state:tx/county:cochran,18,,,,,2003
2016-02-23 19:25:53.675000,tx-2003-05-03-special-general,2003-05-03 00:00:00,2003-05-03 00:00:00,general,certified,True,U. S. Representative,19  Unexpired Term,Thomas Flournoy,,,,,CON,Texas,COCHRAN,ocd-division/country:us/state:tx/county:cochran,0,,,,,2003
2016-02-23 19:25:53.675000,tx-2003-05-03-special-general,2003-05-03 00:00:00,2003-05-03 00:00:00,general,certified,True,U. S. Representative,19  Unexpired Term,Mike Conaway,,,,,REP,Texas,COCHRAN,ocd-division/country:us/state:tx/county:cochran,14,,,,,2003
2016-02-23 19:25:53.675000,tx-2003-05-03-special-general,2003-05-03 00:00:00,2003-05-03 00:00:00,general,certified,True,U. S. Representative,19  Unexpired Term,William M. (Bill) Christian,,,,,REP,Texas,COCHRAN,ocd-division/country:us/state:tx/county:cochran,1,,,,,2003
2016-02-23 19:25:53.675000,tx-2003-05-03-special-general,2003-05-03 00:00:00,2003-05-03 00:00:00,general,certified,True,U. S. Representative,19  Unexpired Term,Jamie Berryhill,,,,,REP,Texas,COCHRAN,ocd-division/country:us/state:tx/county:cochran,5,,,,,2003
2016-02-23 19:25:53.675000,tx-2003-05-03-special-general,2003-05-03 00:00:00,2003-05-03 00:00:00,general,certified,True,U. S. Representative,19  Unexpired Term,John D. Bell,,,,,REP,Texas,COCHRAN,ocd-division/country:us/state:tx/county:cochran,4,,,,,2003
2016-02-23 19:25:53.675000,tx-2003-05-03-special-general,2003-05-03 00:00:00,2003-05-03 00:00:00,general,certified,True,U. S. Representative,19  Unexpired Term,Richard  Bartlett,,,,,REP,Texas,COCHRAN,ocd-division/country:us/state:tx/county:cochran,0,,,,,2003
2016-02-23 19:25:53.675000,tx-2003-05-03-special-general,2003-05-03 00:00:00,2003-05-03 00:00:00,general,certified,True,U. S. Representative,19  Unexpired Term,Total,,,,,,Texas,BAILEY,ocd-division/country:us/state:tx/county:bailey,569,,,,,2003
2016-02-23 19:25:53.675000,tx-2003-05-03-special-general,2003-05-03 00:00:00,2003-05-03 00:00:00,general,certified,True,U. S. Representative,19  Unexpired Term,Stace Williams,,,,,REP,Texas,BAILEY,ocd-division/country:us/state:tx/county:bailey,9,,,,,2003
2016-02-23 19:25:53.675000,tx-2003-05-03-special-general,2003-05-03 00:00:00,2003-05-03 00:00:00,general,certified,True,U. S. Representative,19  Unexpired Term,Vickie Sutton,,,,,REP,Texas,BAILEY,ocd-division/country:us/state:tx/county:bailey,13,,,,,2003
2016-02-23 19:25:53.675000,tx-2003-05-03-special-general,2003-05-03 00:00:00,2003-05-03 00:00:00,general,certified,True,U. S. Representative,19  Unexpired Term,Jerri SimmonsAsmussen,,,,,DEM,Texas,BAILEY,ocd-division/country:us/state:tx/county:bailey,24,,,,,2003
2016-02-23 19:25:53.675000,tx-2003-05-03-special-general,2003-05-03 00:00:00,2003-05-03 00:00:00,general,certified,True,U. S. Representative,19  Unexpired Term,Richard (Chip) Peterson,,,,,LIB,Texas,BAILEY,ocd-division/country:us/state:tx/county:bailey,0,,,,,2003
2016-02-23 19:25:53.675000,tx-2003-05-03-special-general,2003-05-03 00:00:00,2003-05-03 00:00:00,general,certified,True,U. S. Representative,19  Unexpired Term,Julia Penelope,,,,,GRN,Texas,BAILEY,ocd-division/country:us/state:tx/county:bailey,2,,,,,2003
2016-02-23 19:25:53.675000,tx-2003-05-03-special-general,2003-05-03 00:00:00,2003-05-03 00:00:00,general,certified,True,U. S. Representative,19  Unexpired Term,Randy Neugebauer,,,,,REP,Texas,BAILEY,ocd-division/country:us/state:tx/county:bailey,245,,,,,2003
2016-02-23 19:25:53.675000,tx-2003-05-03-special-general,2003-05-03 00:00:00,2003-05-03 00:00:00,general,certified,True,U. S. Representative,19  Unexpired Term,Donald May,,,,,REP,Texas,BAILEY,ocd-division/country:us/state:tx/county:bailey,5,,,,,2003
2016-02-23 19:25:53.675000,tx-2003-05-03-special-general,2003-05-03 00:00:00,2003-05-03 00:00:00,general,certified,True,U. S. Representative,19  Unexpired Term,David R. Langston,,,,,REP,Texas,BAILEY,ocd-division/country:us/state:tx/county:bailey,121,,,,,2003
2016-02-23 19:25:53.675000,tx-2003-05-03-special-general,2003-05-03 00:00:00,2003-05-03 00:00:00,general,certified,True,U. S. Representative,19  Unexpired Term,Carl H. Isett,,,,,REP,Texas,BAILEY,ocd-division/country:us/state:tx/county:bailey,89,,,,,2003
2016-02-23 19:25:53.675000,tx-2003-05-03-special-general,2003-05-03 00:00:00,2003-05-03 00:00:00,general,certified,True,U. S. Representative,19  Unexpired Term,"E.L. ""Ed"" Hicks",,,,,IND,Texas,BAILEY,ocd-division/country:us/state:tx/county:bailey,2,,,,,2003
2016-02-23 19:25:53.675000,tx-2003-05-03-special-general,2003-05-03 00:00:00,2003-05-03 00:00:00,general,certified,True,U. S. Representative,19  Unexpired Term,Kaye Gaddy,,,,,DEM,Texas,BAILEY,ocd-division/country:us/state:tx/county:bailey,14,,,,,2003
2016-02-23 19:25:53.675000,tx-2003-05-03-special-general,2003-05-03 00:00:00,2003-05-03 00:00:00,general,certified,True,U. S. Representative,19  Unexpired Term,Thomas Flournoy,,,,,CON,Texas,BAILEY,ocd-division/country:us/state:tx/county:bailey,0,,,,,2003
2016-02-23 19:25:53.675000,tx-2003-05-03-special-general,2003-05-03 00:00:00,2003-05-03 00:00:00,general,certified,True,U. S. Representative,19  Unexpired Term,Mike Conaway,,,,,REP,Texas,BAILEY,ocd-division/country:us/state:tx/county:bailey,32,,,,,2003
2016-02-23 19:25:53.675000,tx-2003-05-03-special-general,2003-05-03 00:00:00,2003-05-03 00:00:00,general,certified,True,U. S. Representative,19  Unexpired Term,William M. (Bill) Christian,,,,,REP,Texas,BAILEY,ocd-division/country:us/state:tx/county:bailey,6,,,,,2003
2016-02-23 19:25:53.675000,tx-2003-05-03-special-general,2003-05-03 00:00:00,2003-05-03 00:00:00,general,certified,True,U. S. Representative,19  Unexpired Term,Jamie Berryhill,,,,,REP,Texas,BAILEY,ocd-division/country:us/state:tx/county:bailey,2,,,,,2003
2016-02-23 19:25:53.675000,tx-2003-05-03-special-general,2003-05-03 00:00:00,2003-05-03 00:00:00,general,certified,True,U. S. Representative,19  Unexpired Term,John D. Bell,,,,,REP,Texas,BAILEY,ocd-division/country:us/state:tx/county:bailey,5,,,,,2003
2016-02-23 19:25:53.675000,tx-2003-05-03-special-general,2003-05-03 00:00:00,2003-05-03 00:00:00,general,certified,True,U. S. Representative,19  Unexpired Term,Richard  Bartlett,,,,,REP,Texas,BAILEY,ocd-division/country:us/state:tx/county:bailey,0,,,,,2003
2016-02-23 19:25:53.675000,tx-2003-05-03-special-general,2003-05-03 00:00:00,2003-05-03 00:00:00,general,certified,True,U. S. Representative,19  Unexpired Term,Total,,,,,,Texas,ANDREWS,ocd-division/country:us/state:tx/county:andrews,985,,,,,2003
2016-02-23 19:25:53.675000,tx-2003-05-03-special-general,2003-05-03 00:00:00,2003-05-03 00:00:00,general,certified,True,U. S. Representative,19  Unexpired Term,Stace Williams,,,,,REP,Texas,ANDREWS,ocd-division/country:us/state:tx/county:andrews,34,,,,,2003
2016-02-23 19:25:53.675000,tx-2003-05-03-special-general,2003-05-03 00:00:00,2003-05-03 00:00:00,general,certified,True,U. S. Representative,19  Unexpired Term,Vickie Sutton,,,,,REP,Texas,ANDREWS,ocd-division/country:us/state:tx/county:andrews,44,,,,,2003
2016-02-23 19:25:53.675000,tx-2003-05-03-special-general,2003-05-03 00:00:00,2003-05-03 00:00:00,general,certified,True,U. S. Representative,19  Unexpired Term,Jerri SimmonsAsmussen,,,,,DEM,Texas,ANDREWS,ocd-division/country:us/state:tx/county:andrews,13,,,,,2003
2016-02-23 19:25:53.675000,tx-2003-05-03-special-general,2003-05-03 00:00:00,2003-05-03 00:00:00,general,certified,True,U. S. Representative,19  Unexpired Term,Richard (Chip) Peterson,,,,,LIB,Texas,ANDREWS,ocd-division/country:us/state:tx/county:andrews,1,,,,,2003
2016-02-23 19:25:53.675000,tx-2003-05-03-special-general,2003-05-03 00:00:00,2003-05-03 00:00:00,general,certified,True,U. S. Representative,19  Unexpired Term,Julia Penelope,,,,,GRN,Texas,ANDREWS,ocd-division/country:us/state:tx/county:andrews,3,,,,,2003
2016-02-23 19:25:53.675000,tx-2003-05-03-special-general,2003-05-03 00:00:00,2003-05-03 00:00:00,general,certified,True,U. S. Representative,19  Unexpired Term,Randy Neugebauer,,,,,REP,Texas,ANDREWS,ocd-division/country:us/state:tx/county:andrews,238,,,,,2003
2016-02-23 19:25:53.675000,tx-2003-05-03-special-general,2003-05-03 00:00:00,2003-05-03 00:00:00,general,certified,True,U. S. Representative,19  Unexpired Term,Donald May,,,,,REP,Texas,ANDREWS,ocd-division/country:us/state:tx/county:andrews,8,,,,,2003
2016-02-23 19:25:53.675000,tx-2003-05-03-special-general,2003-05-03 00:00:00,2003-05-03 00:00:00,general,certified,True,U. S. Representative,19  Unexpired Term,David R. Langston,,,,,REP,Texas,ANDREWS,ocd-division/country:us/state:tx/county:andrews,50,,,,,2003
2016-02-23 19:25:53.675000,tx-2003-05-03-special-general,2003-05-03 00:00:00,2003-05-03 00:00:00,general,certified,True,U. S. Representative,19  Unexpired Term,Carl H. Isett,,,,,REP,Texas,ANDREWS,ocd-division/country:us/state:tx/county:andrews,57,,,,,2003
2016-02-23 19:25:53.675000,tx-2003-05-03-special-general,2003-05-03 00:00:00,2003-05-03 00:00:00,general,certified,True,U. S. Representative,19  Unexpired Term,"E.L. ""Ed"" Hicks",,,,,IND,Texas,ANDREWS,ocd-division/country:us/state:tx/county:andrews,7,,,,,2003
2016-02-23 19:25:53.675000,tx-2003-05-03-special-general,2003-05-03 00:00:00,2003-05-03 00:00:00,general,certified,True,U. S. Representative,19  Unexpired Term,Kaye Gaddy,,,,,DEM,Texas,ANDREWS,ocd-division/country:us/state:tx/county:andrews,38,,,,,2003
2016-02-23 19:25:53.675000,tx-2003-05-03-special-general,2003-05-03 00:00:00,2003-05-03 00:00:00,general,certified,True,U. S. Representative,19  Unexpired Term,Thomas Flournoy,,,,,CON,Texas,ANDREWS,ocd-division/country:us/state:tx/county:andrews,2,,,,,2003
2016-02-23 19:25:53.675000,tx-2003-05-03-special-general,2003-05-03 00:00:00,2003-05-03 00:00:00,general,certified,True,U. S. Representative,19  Unexpired Term,Mike Conaway,,,,,REP,Texas,ANDREWS,ocd-division/country:us/state:tx/county:andrews,258,,,,,2003
2016-02-23 19:25:53.675000,tx-2003-05-03-special-general,2003-05-03 00:00:00,2003-05-03 00:00:00,general,certified,True,U. S. Representative,19  Unexpired Term,William M. (Bill) Christian,,,,,REP,Texas,ANDREWS,ocd-division/country:us/state:tx/county:andrews,40,,,,,2003
2016-02-23 19:25:53.675000,tx-2003-05-03-special-general,2003-05-03 00:00:00,2003-05-03 00:00:00,general,certified,True,U. S. Representative,19  Unexpired Term,Jamie Berryhill,,,,,REP,Texas,ANDREWS,ocd-division/country:us/state:tx/county:andrews,89,,,,,2003
2016-02-23 19:25:53.675000,tx-2003-05-03-special-general,2003-05-03 00:00:00,2003-05-03 00:00:00,general,certified,True,U. S. Representative,19  Unexpired Term,John D. Bell,,,,,REP,Texas,ANDREWS,ocd-division/country:us/state:tx/county:andrews,73,,,,,2003
2016-02-23 19:25:53.675000,tx-2003-05-03-special-general,2003-05-03 00:00:00,2003-05-03 00:00:00,general,certified,True,U. S. Representative,19  Unexpired Term,Richard  Bartlett,,,,,REP,Texas,ANDREWS,ocd-division/country:us/state:tx/county:andrews,30,,,,,2003
2016-02-23 19:25:52.300000,tx-2003-05-03-special-general,2003-05-03 00:00:00,2003-05-03 00:00:00,general,certified,True,U. S. Representative,19  Unexpired Term,Total,,,,,,,Texas,ocd-division/country:us/state:tx,58369,,,,,2003
2016-02-23 19:25:52.300000,tx-2003-05-03-special-general,2003-05-03 00:00:00,2003-05-03 00:00:00,general,certified,True,U. S. Representative,19  Unexpired Term,Stace Williams,,,,,REP,,Texas,ocd-division/country:us/state:tx,2609,,,,,2003
2016-02-23 19:25:52.300000,tx-2003-05-03-special-general,2003-05-03 00:00:00,2003-05-03 00:00:00,general,certified,True,U. S. Representative,19  Unexpired Term,Vickie Sutton,,,,,REP,,Texas,ocd-division/country:us/state:tx,1987,,,,,2003
2016-02-23 19:25:52.300000,tx-2003-05-03-special-general,2003-05-03 00:00:00,2003-05-03 00:00:00,general,certified,True,U. S. Representative,19  Unexpired Term,Jerri SimmonsAsmussen,,,,,DEM,,Texas,ocd-division/country:us/state:tx,898,,,,,2003
2016-02-23 19:25:52.300000,tx-2003-05-03-special-general,2003-05-03 00:00:00,2003-05-03 00:00:00,general,certified,True,U. S. Representative,19  Unexpired Term,Richard (Chip) Peterson,,,,,LIB,,Texas,ocd-division/country:us/state:tx,159,,,,,2003
2016-02-23 19:25:52.300000,tx-2003-05-03-special-general,2003-05-03 00:00:00,2003-05-03 00:00:00,general,certified,True,U. S. Representative,19  Unexpired Term,Julia Penelope,,,,,GRN,,Texas,ocd-division/country:us/state:tx,223,,,,,2003
2016-02-23 19:25:52.300000,tx-2003-05-03-special-general,2003-05-03 00:00:00,2003-05-03 00:00:00,general,certified,True,U. S. Representative,19  Unexpired Term,Randy Neugebauer,,,,,REP,,Texas,ocd-division/country:us/state:tx,13091,,,,,2003
2016-02-23 19:25:52.300000,tx-2003-05-03-special-general,2003-05-03 00:00:00,2003-05-03 00:00:00,general,certified,True,U. S. Representative,19  Unexpired Term,Donald May,,,,,REP,,Texas,ocd-division/country:us/state:tx,629,,,,,2003
2016-02-23 19:25:52.300000,tx-2003-05-03-special-general,2003-05-03 00:00:00,2003-05-03 00:00:00,general,certified,True,U. S. Representative,19  Unexpired Term,David R. Langston,,,,,REP,,Texas,ocd-division/country:us/state:tx,8053,,,,,2003
2016-02-23 19:25:52.300000,tx-2003-05-03-special-general,2003-05-03 00:00:00,2003-05-03 00:00:00,general,certified,True,U. S. Representative,19  Unexpired Term,Carl H. Isett,,,,,REP,,Texas,ocd-division/country:us/state:tx,11015,,,,,2003
2016-02-23 19:25:52.300000,tx-2003-05-03-special-general,2003-05-03 00:00:00,2003-05-03 00:00:00,general,certified,True,U. S. Representative,19  Unexpired Term,"E.L. ""Ed"" Hicks",,,,,IND,,Texas,ocd-division/country:us/state:tx,81,,,,,2003
2016-02-23 19:25:52.300000,tx-2003-05-03-special-general,2003-05-03 00:00:00,2003-05-03 00:00:00,general,certified,True,U. S. Representative,19  Unexpired Term,Kaye Gaddy,,,,,DEM,,Texas,ocd-division/country:us/state:tx,1396,,,,,2003
2016-02-23 19:25:52.300000,tx-2003-05-03-special-general,2003-05-03 00:00:00,2003-05-03 00:00:00,general,certified,True,U. S. Representative,19  Unexpired Term,Thomas Flournoy,,,,,CON,,Texas,ocd-division/country:us/state:tx,93,,,,,2003
2016-02-23 19:25:52.300000,tx-2003-05-03-special-general,2003-05-03 00:00:00,2003-05-03 00:00:00,general,certified,True,U. S. Representative,19  Unexpired Term,Mike Conaway,,,,,REP,,Texas,ocd-division/country:us/state:tx,12270,,,,,2003
2016-02-23 19:25:52.300000,tx-2003-05-03-special-general,2003-05-03 00:00:00,2003-05-03 00:00:00,general,certified,True,U. S. Representative,19  Unexpired Term,William M. (Bill) Christian,,,,,REP,,Texas,ocd-division/country:us/state:tx,1029,,,,,2003
2016-02-23 19:25:52.300000,tx-2003-05-03-special-general,2003-05-03 00:00:00,2003-05-03 00:00:00,general,certified,True,U. S. Representative,19  Unexpired Term,Jamie Berryhill,,,,,REP,,Texas,ocd-division/country:us/state:tx,1907,,,,,2003
2016-02-23 19:25:52.300000,tx-2003-05-03-special-general,2003-05-03 00:00:00,2003-05-03 00:00:00,general,certified,True,U. S. Representative,19  Unexpired Term,John D. Bell,,,,,REP,,Texas,ocd-division/country:us/state:tx,1883,,,,,2003
2016-02-23 19:25:52.300000,tx-2003-05-03-special-general,2003-05-03 00:00:00,2003-05-03 00:00:00,general,certified,True,U. S. Representative,19  Unexpired Term,Richard  Bartlett,,,,,REP,,Texas,ocd-division/country:us/state:tx,1046,,,,,2003
